id_intercambio,id_objeto,usuario_id_dador,usuario_id_recibidor,saldo_dador,saldo_recibidor,fecha_transaccion
1,479,272,97,30.3,34.88,2025-04-20
2,784,1305,736,8.96,16.41,2025-02-11
3,902,55,1017,20.87,21.73,2025-02-14
4,214,654,1230,49.98,21.08,2025-05-09
5,96,1812,1551,35.7,18.65,2025-01-04
6,1127,95,1717,35.23,42.63,2025-02-26
7,732,1744,1782,41.45,38.52,2025-02-18
8,1036,1728,857,37.15,15.48,2025-06-23
9,1429,464,831,28.96,33.27,2025-05-13
10,258,1622,867,34.99,19.57,2025-05-26
11,214,716,451,9.17,38.24,2025-05-22
12,656,631,482,24.48,24.81,2025-03-18
13,855,543,1166,43.2,25.33,2025-01-22
14,537,1924,1620,37.23,42.12,2025-05-09
15,511,326,619,45.21,24.7,2025-06-12
16,826,422,1254,37.51,7.8,2025-02-11
17,123,509,1920,42.64,32.52,2025-01-06
18,201,1291,1697,43.91,22.23,2025-06-21
19,937,979,1701,47.46,26.09,2025-06-24
20,539,345,534,36.27,9.95,2025-04-13
21,993,222,726,10.21,42.88,2025-06-10
22,1150,855,1,8.79,40.2,2025-02-07
23,1049,183,1544,38.77,12.05,2025-02-10
24,1342,1155,286,19.1,47.98,2025-06-11
25,1152,397,1538,26.25,45.85,2025-02-19
26,1307,736,1521,12.59,34.2,2025-04-19
27,505,1749,18,6.19,33.43,2025-02-25
28,537,1689,1115,24.3,41.64,2025-06-10
29,457,1210,1210,9.45,37.57,2025-02-03
30,836,113,1298,7.14,36.57,2025-04-13
31,1082,617,1612,26.71,16.22,2025-01-14
32,134,287,1025,28.9,21.14,2025-05-24
33,738,46,1958,10.2,21.34,2025-03-07
34,430,1385,1804,15.89,43.1,2025-05-15
35,430,1732,1872,45.68,44.27,2025-01-28
36,274,1311,1377,38.85,17.23,2025-01-31
37,283,220,1872,47.82,40.66,2025-05-23
38,106,589,814,27.48,5.03,2025-05-16
39,1071,433,207,31.92,24.25,2025-01-18
40,822,419,1176,9.61,23.08,2025-06-09
41,1225,656,282,34.35,32.98,2025-03-28
42,378,1789,1034,27.29,38.76,2025-04-02
43,1387,1350,1493,10.5,21.21,2025-04-26
44,664,1681,1194,15.66,27.15,2025-05-24
45,70,365,676,22.05,47.52,2025-04-23
46,332,1230,89,11.06,20.61,2025-03-23
47,239,579,1902,7.45,8.94,2025-06-27
48,1266,961,733,48.3,30.7,2025-01-22
49,164,86,13,46.63,23.01,2025-05-06
50,469,1475,1225,5.28,17.16,2025-01-24
51,1488,1505,685,20.86,6.08,2025-04-30
52,911,1057,699,24.12,30.04,2025-06-15
53,1173,533,954,48.04,26.89,2025-04-15
54,1127,1067,1822,35.37,39.07,2025-05-11
55,1150,471,457,44.31,39.04,2025-06-27
56,1456,1809,1474,9.94,12.51,2025-05-10
57,908,182,1080,37.7,27.35,2025-03-27
58,446,702,143,35.14,5.99,2025-06-27
59,76,1826,672,48.24,14.71,2025-06-09
60,1137,1566,578,37.5,31.01,2025-02-13
61,768,1347,1803,18.41,47.97,2025-01-09
62,1248,330,1402,17.25,45.14,2025-02-14
63,296,850,678,20.42,29.85,2025-05-29
64,106,1287,1810,35.65,24.14,2025-04-07
65,60,428,749,46.15,43.71,2025-05-31
66,1180,955,1597,15.41,6.97,2025-06-14
67,1251,1865,1339,25.39,48.08,2025-03-09
68,70,1892,31,24.03,44.67,2025-04-18
69,465,1850,1459,5.52,43.35,2025-02-14
70,103,354,177,46.68,12.56,2025-05-23
71,276,1778,1718,37.55,34.5,2025-06-25
72,178,24,151,18.85,49.25,2025-06-27
73,980,314,244,40.66,44.17,2025-03-21
74,682,306,1372,11.83,28.15,2025-04-01
75,60,192,527,7.51,44.67,2025-01-22
76,1124,162,62,9.69,26.25,2025-03-27
77,104,659,1191,43.34,22.57,2025-06-11
78,1273,994,1185,15.19,8.06,2025-02-23
79,1400,996,691,10.12,37.83,2025-04-25
80,1034,970,1303,43.23,48.33,2025-04-16
81,256,145,1525,18.61,14.13,2025-02-06
82,529,467,175,33.33,30.94,2025-05-22
83,949,815,39,31.47,5.83,2025-02-06
84,355,1650,610,13.53,37.89,2025-05-03
85,68,995,1436,31.98,16.67,2025-05-03
86,465,1199,359,46.96,14.46,2025-06-08
87,985,1389,1568,37.04,24.36,2025-03-31
88,953,1218,423,7.53,47.7,2025-05-22
89,413,1687,749,27.0,39.4,2025-05-15
90,1032,540,1455,26.85,8.52,2025-05-10
91,566,1382,244,19.09,9.78,2025-01-23
92,893,1220,1892,44.09,42.36,2025-02-03
93,963,1067,1427,14.56,7.39,2025-05-22
94,58,1527,1617,19.42,5.34,2025-03-28
95,1220,389,1893,34.0,31.51,2025-03-29
96,161,705,547,13.85,29.44,2025-05-10
97,428,467,932,31.05,33.18,2025-01-12
98,585,1108,1767,47.56,14.77,2025-01-02
99,1052,1454,843,34.83,32.24,2025-04-26
100,144,324,555,5.35,35.31,2025-01-03
101,681,755,178,28.18,29.14,2025-01-08
102,364,1000,1537,26.44,32.37,2025-04-15
103,850,1965,377,28.41,13.74,2025-01-04
104,22,1198,773,42.23,17.55,2025-01-31
105,77,860,1426,35.23,23.04,2025-03-04
106,1146,671,95,38.42,29.43,2025-01-30
107,253,1846,1350,30.58,8.25,2025-05-12
108,240,1108,807,36.5,8.61,2025-02-20
109,774,187,1695,41.74,18.54,2025-02-03
110,783,845,1989,8.02,6.08,2025-04-29
111,1384,732,392,15.72,41.5,2025-06-23
112,870,1597,1643,39.31,40.55,2025-03-12
113,1195,281,1258,35.19,29.79,2025-01-04
114,1172,1156,1748,33.01,7.55,2025-01-11
115,808,513,719,46.02,24.08,2025-04-18
116,144,490,1203,6.89,41.96,2025-04-06
117,927,984,770,39.59,39.65,2025-01-05
118,645,1939,1293,33.85,36.96,2025-05-13
119,750,648,111,48.94,37.14,2025-05-14
120,239,108,550,33.87,7.71,2025-04-24
121,835,1883,1881,11.71,7.95,2025-04-09
122,1341,819,1857,47.22,23.61,2025-04-30
123,536,1667,353,23.98,34.12,2025-02-04
124,167,396,842,20.02,14.12,2025-06-07
125,1447,1990,1973,15.99,14.62,2025-03-24
126,1323,1921,416,18.45,29.49,2025-04-29
127,507,1987,114,26.58,12.74,2025-03-31
128,710,1505,392,6.23,20.94,2025-04-17
129,94,1991,1880,10.86,19.24,2025-04-10
130,14,187,1546,37.98,7.49,2025-03-07
131,88,526,54,48.66,16.03,2025-02-16
132,204,1535,390,10.95,16.81,2025-05-31
133,1150,20,1024,49.71,17.4,2025-01-09
134,1028,1499,1816,19.58,5.82,2025-04-01
135,244,748,1002,30.46,43.11,2025-01-24
136,115,975,1396,20.13,6.11,2025-01-29
137,333,1912,1895,49.48,31.77,2025-06-05
138,560,1004,1498,11.25,44.08,2025-06-05
139,1064,1968,1122,48.25,21.56,2025-03-14
140,26,311,356,34.97,34.94,2025-03-15
141,954,60,1770,21.71,8.87,2025-06-13
142,1283,1594,386,48.74,24.67,2025-01-17
143,155,1520,1993,47.61,34.67,2025-03-26
144,81,1144,2,14.88,13.33,2025-04-10
145,763,1553,1038,5.01,42.14,2025-01-05
146,143,28,1613,46.43,23.6,2025-01-08
147,18,921,613,13.94,27.01,2025-01-30
148,510,1876,1668,33.35,29.08,2025-03-05
149,738,1009,1004,8.44,10.74,2025-06-04
150,140,1385,1668,20.9,49.06,2025-02-05
151,1206,1428,1625,18.1,27.96,2025-03-14
152,1217,994,1674,33.38,13.79,2025-03-28
153,1061,95,1052,38.57,36.52,2025-01-03
154,442,1407,202,27.26,39.95,2025-01-08
155,298,1843,1192,28.08,45.4,2025-04-19
156,199,1029,38,25.87,13.42,2025-05-31
157,138,1801,1715,44.9,47.19,2025-03-16
158,783,1409,1813,17.44,11.88,2025-06-06
159,620,1386,559,14.96,39.79,2025-05-03
160,760,24,673,9.66,19.76,2025-05-02
161,661,254,1239,36.59,18.77,2025-04-12
162,633,1899,1386,43.65,37.88,2025-05-13
163,307,1025,1310,35.59,23.74,2025-06-21
164,594,291,868,22.36,23.89,2025-06-19
165,1459,1461,1776,22.72,42.78,2025-06-16
166,1418,748,870,18.68,21.06,2025-06-24
167,129,1581,892,21.7,16.68,2025-06-27
168,465,1530,1987,23.05,7.64,2025-01-30
169,822,700,195,27.68,31.88,2025-06-09
170,1077,1638,504,42.21,6.22,2025-02-22
171,247,574,1562,29.43,30.34,2025-03-18
172,1453,1098,807,40.57,7.03,2025-02-10
173,1299,1865,163,18.9,7.77,2025-03-06
174,1247,400,1058,37.56,13.22,2025-01-22
175,951,1607,778,44.22,27.25,2025-04-20
176,206,442,1036,24.84,47.65,2025-05-02
177,721,118,155,27.02,31.86,2025-02-10
178,391,27,947,7.32,47.34,2025-04-07
179,37,1182,928,10.2,24.02,2025-03-05
180,1140,1249,1802,19.98,18.83,2025-02-26
181,407,1360,1808,41.23,26.58,2025-06-16
182,440,1380,1338,15.74,38.79,2025-04-29
183,1083,1613,487,41.73,25.73,2025-05-11
184,845,711,1902,31.59,6.42,2025-05-09
185,1131,985,1798,42.38,33.87,2025-06-21
186,768,1470,825,37.38,46.42,2025-06-08
187,1275,1124,834,24.75,36.76,2025-02-01
188,468,1670,1972,15.49,29.71,2025-01-18
189,866,543,1541,10.23,35.73,2025-05-06
190,315,369,1136,7.92,17.27,2025-06-01
191,264,1682,843,9.68,10.72,2025-03-09
192,1204,6,375,38.88,22.5,2025-01-28
193,1123,586,89,22.76,41.5,2025-03-06
194,1441,787,1322,21.62,25.68,2025-05-02
195,486,63,598,33.52,40.68,2025-02-04
196,917,863,1607,42.2,27.22,2025-03-01
197,419,565,1202,15.8,9.49,2025-02-02
198,1196,145,846,28.29,20.81,2025-03-21
199,277,1279,212,47.39,10.73,2025-04-12
200,653,968,34,35.62,42.93,2025-03-13
201,469,1628,794,49.39,24.14,2025-04-26
202,592,1688,906,21.55,26.28,2025-03-18
203,1405,10,155,41.87,13.87,2025-01-25
204,846,975,1326,45.94,32.41,2025-01-07
205,1440,78,1417,22.27,5.45,2025-05-01
206,1390,917,1022,6.13,11.02,2025-01-30
207,101,381,1481,39.75,6.23,2025-03-16
208,406,1351,1127,11.35,31.24,2025-06-13
209,349,339,1335,34.35,26.51,2025-01-28
210,78,99,1056,42.24,30.51,2025-03-20
211,179,1531,1943,36.17,24.02,2025-04-12
212,1291,18,1269,42.23,41.25,2025-01-03
213,1240,375,1338,31.49,38.19,2025-03-26
214,1280,953,1502,10.2,42.63,2025-04-17
215,55,1016,1822,44.5,23.92,2025-04-10
216,212,229,1255,6.63,20.29,2025-05-01
217,490,1468,559,15.11,7.4,2025-02-01
218,1089,87,1386,46.46,12.32,2025-05-06
219,1178,93,1617,42.54,19.29,2025-04-09
220,1299,1304,1595,27.43,46.81,2025-02-14
221,97,327,1511,30.75,21.95,2025-01-17
222,676,453,1413,42.5,9.01,2025-04-21
223,154,1778,1785,18.64,12.93,2025-03-15
224,756,403,1986,38.47,9.79,2025-02-19
225,297,1388,790,29.98,23.36,2025-01-29
226,303,987,126,19.22,40.76,2025-03-28
227,975,1901,557,43.29,48.33,2025-02-01
228,959,483,1898,38.3,24.03,2025-01-21
229,340,393,1706,20.27,8.6,2025-04-20
230,963,266,1311,49.84,36.43,2025-05-07
231,1014,140,1987,46.86,38.15,2025-02-27
232,246,1436,147,21.63,48.44,2025-06-22
233,548,1465,1101,34.17,39.87,2025-05-09
234,566,112,652,11.92,43.93,2025-06-12
235,16,1769,827,38.3,16.05,2025-01-30
236,105,1726,960,6.87,30.48,2025-03-18
237,360,1168,1828,22.26,41.29,2025-05-12
238,1451,1420,230,21.81,42.22,2025-06-19
239,931,592,279,9.25,36.32,2025-03-18
240,992,1844,1210,32.79,17.78,2025-06-21
241,174,1841,18,37.8,33.36,2025-01-11
242,827,1776,269,29.73,46.89,2025-02-02
243,198,57,150,31.87,34.82,2025-04-09
244,762,1701,1908,11.14,11.0,2025-06-07
245,647,382,897,18.15,45.88,2025-02-06
246,1230,852,1777,23.84,15.32,2025-05-28
247,300,1520,972,6.99,33.47,2025-06-03
248,367,767,353,24.65,43.0,2025-01-23
249,1202,1513,1131,48.18,9.99,2025-06-05
250,941,927,1211,39.92,27.36,2025-01-11
251,550,1044,1518,6.02,33.11,2025-03-13
252,1048,1393,1402,39.69,6.5,2025-02-07
253,29,707,801,43.45,12.24,2025-06-17
254,245,1142,817,46.53,8.29,2025-01-24
255,1340,1581,199,49.09,26.8,2025-03-14
256,879,382,818,12.96,11.99,2025-06-23
257,647,982,1299,20.32,36.52,2025-04-02
258,1370,1886,622,40.28,22.93,2025-02-16
259,366,269,1294,8.78,11.16,2025-02-23
260,88,816,1415,19.2,42.54,2025-01-22
261,1037,1627,1235,46.36,22.66,2025-01-29
262,147,688,846,16.37,44.2,2025-04-20
263,435,1409,763,38.11,30.72,2025-01-06
264,852,916,542,12.4,18.51,2025-03-31
265,207,1845,1105,7.85,36.08,2025-06-19
266,1149,1832,1445,26.39,21.31,2025-06-14
267,290,1731,1984,26.96,14.7,2025-03-11
268,360,1059,1860,33.56,14.48,2025-01-19
269,858,1058,42,45.6,19.44,2025-05-18
270,1086,1626,1429,36.49,23.83,2025-01-15
271,325,788,272,13.68,22.92,2025-06-27
272,260,1543,1400,11.81,13.34,2025-03-18
273,796,993,1758,12.39,47.55,2025-01-11
274,1062,1546,385,40.86,47.43,2025-02-15
275,875,623,489,45.07,27.45,2025-01-30
276,173,1563,1767,21.4,8.68,2025-03-18
277,1176,1195,633,38.65,37.58,2025-06-05
278,903,1348,645,6.87,37.41,2025-01-18
279,239,1017,1927,11.55,13.62,2025-06-14
280,200,1940,1657,45.26,13.14,2025-03-08
281,1392,893,790,5.91,31.64,2025-01-26
282,833,827,920,13.15,38.39,2025-04-03
283,181,954,1093,25.79,29.73,2025-03-31
284,539,333,247,12.6,35.93,2025-05-23
285,1192,138,835,25.45,39.31,2025-01-18
286,206,1348,91,28.96,43.61,2025-05-16
287,1395,935,1044,14.21,21.89,2025-04-14
288,576,776,918,18.71,44.22,2025-03-23
289,1201,35,915,26.78,23.9,2025-06-04
290,398,826,1432,28.88,15.46,2025-01-08
291,279,615,823,43.88,22.68,2025-04-19
292,1356,1871,950,30.14,31.97,2025-06-23
293,1133,1743,1567,31.11,29.08,2025-01-23
294,46,1615,1026,17.73,47.76,2025-06-23
295,136,1979,103,16.28,47.35,2025-06-21
296,411,11,606,47.32,48.1,2025-03-07
297,1484,810,510,37.38,21.06,2025-06-01
298,437,1181,1494,13.45,19.08,2025-02-01
299,610,187,365,49.11,18.05,2025-03-29
300,73,1164,313,10.97,28.31,2025-06-23
301,602,965,1404,48.04,28.71,2025-03-25
302,1105,1534,1104,10.42,44.1,2025-05-30
303,1026,1108,878,47.68,38.2,2025-02-01
304,1313,1506,516,8.75,27.98,2025-01-02
305,837,1218,1372,46.32,46.3,2025-06-15
306,668,744,1597,21.95,20.73,2025-01-07
307,1175,552,1607,19.91,39.81,2025-01-14
308,306,1385,334,44.11,20.9,2025-04-22
309,20,709,1617,5.33,36.76,2025-01-03
310,1119,949,1312,21.35,21.32,2025-01-22
311,1218,403,1299,25.28,14.45,2025-06-20
312,1231,1457,889,10.73,46.49,2025-04-02
313,955,1884,1717,34.72,41.13,2025-04-06
314,678,1313,1267,34.2,44.06,2025-04-03
315,696,1934,267,16.14,36.92,2025-04-06
316,354,646,1528,30.47,45.18,2025-05-22
317,319,993,988,30.83,5.72,2025-06-22
318,455,67,390,43.48,10.74,2025-03-15
319,474,1741,1811,8.23,42.73,2025-03-12
320,157,286,868,12.2,48.62,2025-04-09
321,503,415,1309,19.87,28.26,2025-02-21
322,1285,833,1197,46.65,6.37,2025-05-30
323,353,215,1396,6.25,15.43,2025-03-10
324,279,250,828,26.28,45.63,2025-04-01
325,109,1148,1536,7.34,18.77,2025-05-09
326,1270,985,185,44.44,26.15,2025-02-19
327,1396,407,634,41.64,49.44,2025-06-04
328,528,1414,265,18.16,44.37,2025-05-12
329,449,1649,1569,41.7,28.43,2025-06-23
330,477,1803,1948,35.4,38.09,2025-04-18
331,1083,249,240,27.1,31.52,2025-04-30
332,1236,1768,1359,18.28,35.97,2025-02-25
333,76,850,144,8.05,17.21,2025-02-24
334,779,1291,621,11.75,39.4,2025-01-05
335,288,1360,1382,10.32,49.48,2025-02-21
336,960,1030,22,33.65,16.43,2025-05-07
337,1081,1507,121,43.17,14.61,2025-05-06
338,1461,1634,742,45.23,6.98,2025-01-17
339,5,1120,47,16.04,7.69,2025-05-30
340,1271,1478,1498,17.67,20.97,2025-05-15
341,18,1786,1813,22.54,32.06,2025-03-04
342,833,1116,1214,26.33,30.09,2025-06-12
343,777,1816,1528,31.73,40.61,2025-03-10
344,940,1718,766,31.1,21.91,2025-04-22
345,1118,879,172,27.02,48.78,2025-01-11
346,383,394,1341,29.96,49.63,2025-03-29
347,614,1362,1609,35.86,12.57,2025-01-06
348,1276,1953,1248,33.91,13.23,2025-01-01
349,1387,1625,1295,27.87,45.34,2025-06-10
350,620,722,267,42.16,15.76,2025-04-28
351,91,739,1318,5.46,21.51,2025-02-17
352,196,1696,372,29.9,40.99,2025-01-08
353,635,1921,688,34.63,6.93,2025-04-02
354,658,326,1410,23.31,27.41,2025-01-23
355,556,845,746,16.79,5.22,2025-04-12
356,1371,519,973,40.01,35.96,2025-06-07
357,813,325,1279,28.26,12.08,2025-03-08
358,1394,1571,1005,46.34,30.78,2025-03-13
359,70,1131,1070,26.12,25.02,2025-01-28
360,526,65,1551,35.74,18.46,2025-06-26
361,682,74,983,41.11,45.46,2025-05-13
362,1244,668,1333,28.24,46.45,2025-03-29
363,1480,1766,975,41.32,49.93,2025-05-03
364,130,968,1628,13.68,40.14,2025-05-13
365,28,1736,1752,11.72,25.2,2025-03-22
366,1449,202,1394,24.36,24.85,2025-04-27
367,691,609,883,31.96,28.76,2025-06-18
368,1433,1291,621,42.42,21.45,2025-01-29
369,1191,1407,22,14.99,28.99,2025-01-06
370,1188,561,1284,40.89,48.5,2025-02-01
371,1347,1610,134,47.38,16.46,2025-02-21
372,1081,956,502,49.48,33.51,2025-06-03
373,444,629,793,32.58,32.11,2025-05-28
374,1250,620,25,16.6,49.79,2025-01-12
375,634,1501,691,40.19,12.76,2025-03-12
376,1425,782,415,35.03,22.17,2025-02-22
377,281,484,1712,30.08,38.16,2025-03-24
378,146,154,620,18.68,24.95,2025-04-13
379,1303,41,1577,24.06,6.75,2025-04-01
380,233,1642,1654,15.92,25.52,2025-01-03
381,1285,1352,1122,43.47,22.82,2025-04-21
382,897,1277,430,22.34,41.75,2025-03-11
383,1429,1159,1996,28.73,32.51,2025-06-06
384,301,1504,45,36.61,5.71,2025-05-06
385,411,1923,823,27.07,41.57,2025-01-27
386,1485,1098,1909,35.6,12.04,2025-01-02
387,827,1788,263,17.6,45.84,2025-05-23
388,554,1231,1290,6.02,19.21,2025-04-21
389,109,1841,1012,42.28,42.46,2025-03-28
390,1464,1604,703,26.58,11.91,2025-05-19
391,315,1059,210,30.13,33.68,2025-01-18
392,1367,137,92,36.3,27.05,2025-03-28
393,1013,1109,372,37.73,6.19,2025-03-31
394,325,892,525,32.41,11.79,2025-05-08
395,145,785,755,19.77,6.11,2025-05-27
396,624,1721,475,14.74,43.54,2025-03-24
397,426,1575,502,9.09,11.46,2025-05-28
398,231,1665,1163,22.0,31.45,2025-01-15
399,41,613,656,40.38,43.13,2025-02-28
400,895,1138,1561,46.26,27.84,2025-04-06
401,1099,685,673,17.8,48.17,2025-02-25
402,1234,928,1927,5.44,30.16,2025-04-26
403,322,221,902,24.96,22.1,2025-05-22
404,162,1629,809,39.91,40.52,2025-04-21
405,216,1376,696,11.96,38.38,2025-01-26
406,35,673,1524,35.72,17.71,2025-04-04
407,884,764,1888,21.9,10.01,2025-03-11
408,1048,1359,189,15.75,16.75,2025-03-15
409,1023,1639,1588,36.17,18.85,2025-06-20
410,24,476,1562,11.4,26.31,2025-02-06
411,102,324,1637,48.68,35.75,2025-06-04
412,396,659,440,11.58,35.08,2025-02-08
413,442,1221,1367,29.77,18.46,2025-04-13
414,1271,7,1948,25.4,48.06,2025-04-18
415,1101,1087,1355,34.64,37.66,2025-04-02
416,209,1161,1419,33.11,14.99,2025-03-26
417,642,685,1854,15.72,27.78,2025-05-13
418,328,1575,316,45.04,30.64,2025-01-26
419,844,801,1502,33.22,17.65,2025-02-27
420,690,1640,1354,41.13,48.64,2025-02-04
421,1050,179,1842,40.84,6.01,2025-02-16
422,1442,1757,920,33.67,21.99,2025-03-13
423,484,696,1673,45.34,21.21,2025-05-18
424,911,1370,555,34.11,49.87,2025-04-08
425,1107,391,1784,32.56,49.93,2025-05-26
426,423,1587,770,35.95,41.19,2025-06-25
427,966,1399,1428,23.49,46.42,2025-04-03
428,299,1367,1677,24.77,19.94,2025-03-25
429,938,909,1777,11.68,35.49,2025-06-04
430,74,913,1004,33.82,20.38,2025-05-29
431,1289,212,493,29.1,20.03,2025-02-05
432,828,1186,1194,12.03,39.91,2025-05-30
433,558,1489,1248,19.02,6.31,2025-01-29
434,1193,1998,1672,13.48,14.94,2025-04-28
435,474,854,1619,33.66,27.37,2025-02-12
436,355,1512,38,27.52,48.06,2025-03-08
437,367,1674,546,25.87,35.12,2025-05-19
438,662,861,1749,30.01,36.15,2025-06-20
439,428,244,1627,5.18,8.53,2025-01-13
440,1347,1887,448,9.34,43.19,2025-03-30
441,771,281,576,9.59,18.82,2025-02-12
442,396,293,504,31.3,29.75,2025-01-16
443,692,487,1133,42.98,46.28,2025-05-04
444,71,985,1889,21.56,31.19,2025-01-28
445,1059,1693,254,27.21,36.59,2025-01-26
446,663,289,424,19.19,27.29,2025-06-05
447,1392,1676,1321,15.83,17.72,2025-04-29
448,653,1712,300,9.79,39.4,2025-02-08
449,1403,402,814,11.26,9.14,2025-05-25
450,520,1375,1555,36.6,46.82,2025-03-30
451,508,1643,1524,34.79,27.65,2025-04-17
452,465,1029,1016,31.33,40.12,2025-03-29
453,27,891,968,47.88,38.8,2025-03-25
454,1301,1538,1601,36.31,38.69,2025-04-24
455,222,1814,1079,33.81,5.4,2025-06-11
456,802,294,1615,22.54,44.08,2025-03-21
457,1160,1250,784,34.6,41.61,2025-06-25
458,173,1891,963,31.62,36.4,2025-05-17
459,643,1744,435,10.23,39.53,2025-01-13
460,414,1748,46,16.95,40.98,2025-03-06
461,1466,862,1620,20.94,45.5,2025-04-08
462,1459,1120,1547,16.9,28.91,2025-06-06
463,53,1293,1468,9.41,16.33,2025-06-25
464,1197,1725,682,45.27,23.32,2025-04-09
465,1173,1400,1950,16.21,11.07,2025-01-21
466,1404,1257,1299,37.37,45.96,2025-03-25
467,561,1298,336,33.79,14.34,2025-01-18
468,1280,139,1696,39.11,27.33,2025-01-21
469,950,288,1792,43.71,8.28,2025-05-23
470,329,1663,276,11.35,40.18,2025-06-26
471,881,1268,181,44.21,32.25,2025-05-17
472,1411,870,1416,43.73,29.36,2025-02-11
473,406,1782,1190,42.23,42.3,2025-02-04
474,264,882,1882,30.72,32.85,2025-01-04
475,111,938,1553,40.92,35.85,2025-03-23
476,1380,1120,166,48.06,25.65,2025-02-04
477,443,1302,954,20.45,41.5,2025-04-29
478,131,46,769,22.87,45.29,2025-04-25
479,750,1915,1071,5.24,11.87,2025-02-14
480,398,1641,1847,40.41,41.14,2025-01-01
481,1246,45,638,47.22,22.68,2025-03-28
482,107,264,1146,22.92,37.47,2025-03-27
483,957,1958,207,37.37,20.46,2025-01-16
484,497,1691,1796,37.15,23.87,2025-05-20
485,996,419,331,38.28,20.48,2025-04-11
486,89,218,1392,41.12,14.8,2025-04-29
487,218,1704,1848,25.52,16.26,2025-01-09
488,274,1332,1784,12.24,17.83,2025-02-20
489,103,149,560,21.37,10.47,2025-06-11
490,1184,374,1504,16.97,48.49,2025-05-22
491,239,778,88,45.3,17.28,2025-05-01
492,171,133,99,23.88,32.38,2025-06-12
493,1338,1541,302,14.44,45.99,2025-04-08
494,139,711,1371,35.01,9.35,2025-01-24
495,630,1581,634,15.47,7.26,2025-06-15
496,1322,414,1781,5.89,46.94,2025-04-25
497,154,363,1496,7.01,34.66,2025-03-25
498,503,1419,446,30.53,49.62,2025-01-28
499,150,363,798,15.06,30.92,2025-02-02
500,226,1866,1623,9.53,32.38,2025-03-20
501,833,610,1137,28.04,37.64,2025-02-10
502,1150,763,106,36.55,47.64,2025-02-13
503,377,44,936,19.25,28.21,2025-04-04
504,1001,1883,1645,10.0,21.54,2025-03-04
505,888,1039,1024,10.57,47.19,2025-05-08
506,509,1139,272,13.6,14.37,2025-03-18
507,132,1898,512,29.49,8.88,2025-02-22
508,376,713,538,15.7,11.28,2025-06-16
509,951,335,1809,11.09,36.13,2025-01-30
510,1174,1984,941,16.32,49.31,2025-02-08
511,807,124,254,28.0,35.84,2025-01-08
512,521,1805,161,17.93,26.46,2025-03-23
513,1063,636,501,38.68,40.06,2025-01-24
514,15,1092,1116,38.83,16.84,2025-02-09
515,63,1685,576,21.01,48.23,2025-04-05
516,573,265,274,21.84,15.89,2025-03-17
517,792,1935,1486,34.63,13.8,2025-04-20
518,630,1210,1310,48.03,22.13,2025-02-28
519,537,316,1417,45.81,36.45,2025-05-14
520,1018,1767,1860,9.61,6.55,2025-04-25
521,260,1181,81,19.63,15.48,2025-02-17
522,126,384,1751,24.58,49.11,2025-01-12
523,825,591,1411,27.3,8.93,2025-03-03
524,1242,914,1760,10.25,29.91,2025-03-05
525,1273,932,1407,18.98,12.49,2025-01-12
526,361,1664,1791,49.49,17.33,2025-03-29
527,1431,739,1113,26.09,31.33,2025-01-26
528,12,1221,1686,13.29,49.83,2025-06-06
529,436,1723,1880,18.47,38.22,2025-06-18
530,948,502,118,18.91,10.85,2025-03-27
531,1119,1414,5,18.84,42.37,2025-06-03
532,1428,195,322,26.79,49.47,2025-04-11
533,1058,1195,107,44.82,6.63,2025-04-10
534,534,1672,23,35.84,43.32,2025-04-12
535,419,637,1562,35.97,28.71,2025-05-21
536,1494,1943,1456,22.94,29.33,2025-02-09
537,889,283,22,17.62,14.26,2025-02-14
538,4,3,524,15.72,18.86,2025-06-27
539,1242,1092,1089,35.32,24.91,2025-02-20
540,114,286,1420,38.92,38.5,2025-04-03
541,503,72,1830,47.35,6.79,2025-01-23
542,189,813,1295,24.65,14.74,2025-05-31
543,550,807,1776,49.68,44.46,2025-06-21
544,533,1744,1783,36.59,27.18,2025-06-17
545,1327,517,667,26.6,10.89,2025-05-10
546,1091,1246,1354,35.8,28.35,2025-01-03
547,260,668,1945,20.42,27.31,2025-03-03
548,606,562,1082,33.38,23.88,2025-06-12
549,511,252,1878,26.05,46.7,2025-04-07
550,1321,168,1413,9.99,16.84,2025-01-16
551,787,1257,801,16.27,7.52,2025-02-27
552,676,911,1471,15.87,26.4,2025-06-04
553,172,895,584,48.02,37.95,2025-04-22
554,94,1529,65,48.21,8.07,2025-04-22
555,1304,261,550,47.14,15.28,2025-02-12
556,1450,547,940,44.14,31.35,2025-06-20
557,1001,154,1421,44.29,31.27,2025-02-22
558,1194,1515,203,15.54,22.75,2025-04-06
559,1197,1396,687,30.15,41.13,2025-03-11
560,655,1482,658,49.86,25.27,2025-03-03
561,1261,1059,1267,34.49,20.11,2025-01-04
562,425,1398,711,48.11,40.4,2025-02-04
563,6,1130,1927,6.49,48.36,2025-06-21
564,919,704,965,41.53,47.91,2025-01-13
565,268,982,376,8.26,9.87,2025-01-10
566,1262,3,771,31.84,20.82,2025-04-17
567,1144,1639,1860,39.57,23.8,2025-02-20
568,405,228,335,25.65,39.62,2025-03-07
569,168,916,1301,49.9,42.1,2025-01-24
570,22,1443,995,32.14,30.48,2025-05-29
571,846,999,1790,40.7,26.32,2025-02-18
572,779,766,440,29.13,30.35,2025-01-05
573,354,354,1773,34.79,10.24,2025-03-14
574,18,633,1396,14.98,38.24,2025-05-03
575,128,1218,1425,46.07,46.59,2025-04-22
576,201,574,98,30.4,45.71,2025-03-29
577,1107,485,1068,35.02,18.11,2025-02-26
578,16,192,355,7.46,36.94,2025-02-05
579,330,95,26,40.22,10.9,2025-01-07
580,1064,65,1659,35.34,44.49,2025-02-18
581,745,1526,898,30.56,10.69,2025-02-21
582,1002,99,160,7.56,18.15,2025-04-12
583,1478,1413,1417,42.31,28.26,2025-06-04
584,1160,353,700,38.36,10.08,2025-01-02
585,593,845,1601,17.55,18.55,2025-01-29
586,720,1053,1945,44.67,25.58,2025-05-23
587,973,1175,571,37.67,23.15,2025-01-05
588,1093,1091,1130,33.38,41.29,2025-05-24
589,1274,978,1189,43.4,43.95,2025-03-13
590,344,314,94,5.11,48.71,2025-04-20
591,1315,1896,1901,36.72,9.61,2025-06-18
592,740,1478,326,37.46,45.5,2025-06-20
593,766,1715,1068,49.35,15.58,2025-04-18
594,56,1576,469,35.53,37.41,2025-02-13
595,300,1009,1816,48.82,26.44,2025-01-22
596,35,105,1554,48.07,41.8,2025-02-15
597,610,607,875,46.56,27.28,2025-04-13
598,348,552,1802,24.25,26.04,2025-05-04
599,154,5,1674,39.13,42.11,2025-04-06
600,1424,1912,1693,37.96,43.17,2025-06-17
601,860,1490,50,44.31,47.86,2025-06-25
602,1185,1231,1516,16.07,18.51,2025-01-30
603,1014,694,1730,18.46,6.64,2025-06-15
604,350,1892,1864,22.17,46.44,2025-01-22
605,430,720,825,48.97,29.23,2025-02-10
606,1311,1519,1985,34.74,23.47,2025-04-28
607,950,530,1903,22.05,42.41,2025-02-22
608,1295,1742,1627,21.01,26.06,2025-04-27
609,155,417,231,22.1,11.26,2025-02-11
610,1390,1530,1680,7.3,30.19,2025-01-13
611,901,624,1436,27.15,18.16,2025-01-10
612,979,1208,1404,44.08,37.46,2025-03-30
613,325,1335,1641,34.1,42.64,2025-03-10
614,284,124,1537,12.17,22.09,2025-03-25
615,297,1355,1128,30.85,46.06,2025-01-30
616,819,32,462,41.94,25.37,2025-01-13
617,572,524,624,47.92,11.33,2025-03-20
618,494,449,1442,32.16,39.56,2025-04-06
619,484,1634,951,31.91,16.32,2025-01-24
620,360,1439,561,27.88,7.36,2025-02-04
621,959,1646,1468,45.27,35.53,2025-03-03
622,781,754,489,20.98,16.35,2025-01-24
623,525,1427,1920,8.45,18.22,2025-03-13
624,61,675,1691,43.14,44.22,2025-06-23
625,68,1061,922,21.15,49.96,2025-02-27
626,960,51,893,31.41,18.51,2025-02-06
627,551,347,980,34.09,35.71,2025-01-17
628,388,876,1217,35.48,14.23,2025-02-21
629,1135,974,723,6.71,20.84,2025-02-24
630,351,407,760,48.79,43.7,2025-04-25
631,467,1906,1384,17.23,17.06,2025-04-05
632,995,778,128,6.92,9.42,2025-02-27
633,318,1805,190,28.28,43.89,2025-02-28
634,1001,1207,830,33.28,13.25,2025-03-12
635,93,381,1710,16.14,22.49,2025-05-14
636,735,231,1732,19.01,14.87,2025-05-05
637,453,513,1858,13.68,42.78,2025-04-24
638,1230,77,1924,5.9,49.26,2025-03-10
639,996,781,813,31.09,17.91,2025-04-01
640,534,1190,635,35.83,21.97,2025-06-24
641,315,573,1996,5.05,21.7,2025-02-20
642,233,846,1388,45.54,8.01,2025-02-28
643,162,1953,330,23.9,27.23,2025-06-09
644,540,135,1404,11.03,37.52,2025-02-04
645,59,1360,270,25.43,40.98,2025-05-12
646,867,241,1356,17.42,49.72,2025-03-19
647,1042,1845,1654,15.23,41.07,2025-01-06
648,526,643,937,11.13,31.65,2025-03-19
649,280,1786,1309,41.41,21.18,2025-03-16
650,1320,28,221,29.3,41.29,2025-02-05
651,296,1941,1823,6.68,49.77,2025-06-19
652,1015,1679,1988,29.18,27.86,2025-05-09
653,938,1234,162,45.82,27.61,2025-02-17
654,1269,1246,4,16.34,35.41,2025-01-29
655,418,1081,167,41.19,33.41,2025-04-21
656,1156,1377,1856,34.85,32.42,2025-04-30
657,482,1722,87,6.65,42.99,2025-05-17
658,1267,1222,884,14.79,32.6,2025-02-06
659,1363,356,1017,37.04,45.43,2025-03-09
660,1250,1857,1796,36.5,49.27,2025-04-23
661,528,1514,59,7.99,20.6,2025-01-05
662,895,982,1100,16.64,30.57,2025-02-24
663,302,1350,1378,37.89,20.25,2025-04-21
664,679,1511,1750,14.89,42.29,2025-04-23
665,1196,1109,254,6.9,28.46,2025-06-22
666,1037,1305,1095,44.1,24.32,2025-06-04
667,1236,1876,857,48.21,8.21,2025-06-08
668,37,110,566,18.27,15.52,2025-03-14
669,436,484,267,13.65,44.31,2025-01-02
670,1148,1253,1061,43.8,31.83,2025-03-06
671,326,233,202,25.71,40.3,2025-03-25
672,287,923,421,48.89,46.69,2025-02-02
673,1297,1128,505,15.1,29.79,2025-06-22
674,314,102,657,15.46,39.47,2025-05-26
675,986,597,859,14.46,34.0,2025-05-10
676,127,140,937,8.72,13.32,2025-04-03
677,769,929,230,28.31,30.94,2025-05-13
678,918,569,139,15.54,29.17,2025-06-12
679,827,374,722,16.25,6.99,2025-03-13
680,330,1832,450,45.24,13.25,2025-03-27
681,973,1615,1588,25.49,11.95,2025-02-11
682,398,557,937,48.34,27.87,2025-01-24
683,1221,1105,967,26.22,16.18,2025-05-01
684,1342,923,372,9.13,27.46,2025-01-09
685,317,1090,518,20.82,9.62,2025-05-09
686,316,308,1935,43.29,15.87,2025-01-06
687,820,961,1646,5.21,31.63,2025-02-20
688,537,1330,1408,48.87,32.68,2025-05-12
689,1098,999,1175,40.82,47.86,2025-02-10
690,1388,1560,378,24.39,34.59,2025-06-22
691,1001,1386,19,41.47,26.18,2025-05-23
692,255,1744,938,16.32,47.44,2025-03-19
693,1357,955,343,32.3,35.81,2025-05-30
694,716,1182,1944,34.32,41.4,2025-06-22
695,861,947,1741,34.38,32.11,2025-05-29
696,112,982,1466,20.88,12.76,2025-05-10
697,879,1919,1327,19.69,41.26,2025-04-13
698,961,88,15,11.53,13.37,2025-06-11
699,297,1923,1292,49.59,29.43,2025-05-09
700,99,978,1016,5.53,47.85,2025-06-11
701,1058,1995,1412,43.5,49.09,2025-05-13
702,624,136,1356,8.36,48.68,2025-05-14
703,1275,1714,798,14.09,37.85,2025-06-04
704,500,795,1452,20.85,36.2,2025-01-14
705,74,1677,18,25.93,38.16,2025-02-05
706,937,1060,1827,19.5,46.21,2025-03-28
707,1461,709,376,7.59,28.78,2025-04-21
708,696,322,473,12.92,26.43,2025-03-13
709,941,82,579,49.47,49.71,2025-05-06
710,1139,1217,1721,45.05,37.88,2025-06-05
711,1401,1969,1980,31.23,24.75,2025-02-22
712,479,248,86,46.43,25.42,2025-06-03
713,315,1076,326,41.08,20.0,2025-01-16
714,1492,1952,531,5.17,8.45,2025-05-22
715,1447,678,1768,36.24,22.46,2025-01-19
716,449,705,1908,41.63,45.68,2025-01-21
717,1173,415,927,31.25,23.88,2025-01-29
718,888,1011,20,16.1,39.84,2025-03-07
719,729,766,1885,5.06,15.11,2025-01-15
720,595,706,661,32.53,14.32,2025-03-05
721,822,1849,1417,25.88,36.14,2025-04-20
722,438,1343,1607,10.59,35.12,2025-01-20
723,223,254,1239,35.62,49.35,2025-02-11
724,35,86,1155,26.74,38.74,2025-01-20
725,838,297,1902,29.19,8.59,2025-05-02
726,1188,813,1134,15.91,27.9,2025-02-28
727,46,1388,1675,26.75,26.81,2025-04-15
728,144,1873,198,40.07,10.15,2025-05-24
729,513,771,610,26.77,34.52,2025-06-06
730,1416,970,80,27.19,27.72,2025-02-04
731,1446,51,906,48.96,24.82,2025-05-20
732,121,427,912,32.69,26.92,2025-06-03
733,632,1186,1385,36.49,43.69,2025-01-07
734,1265,1319,1212,42.35,41.24,2025-01-29
735,153,249,818,29.16,13.79,2025-04-05
736,1278,11,1658,10.7,23.87,2025-04-29
737,200,539,820,22.76,13.14,2025-03-12
738,475,632,83,15.47,38.41,2025-03-18
739,681,189,1034,8.97,5.82,2025-04-24
740,1052,133,1234,5.52,46.67,2025-04-07
741,881,1636,1746,25.16,46.17,2025-02-15
742,81,1239,1993,37.27,29.11,2025-02-21
743,417,397,1285,17.28,32.2,2025-05-10
744,18,657,1065,43.12,43.3,2025-02-22
745,116,1028,943,31.08,48.31,2025-01-28
746,800,570,1960,24.4,43.12,2025-02-09
747,1225,766,529,45.2,36.78,2025-02-23
748,792,414,208,47.54,34.16,2025-05-31
749,776,974,1193,5.53,28.62,2025-02-09
750,133,29,1621,30.4,40.64,2025-04-06
751,341,391,624,39.81,33.59,2025-03-31
752,1032,1857,1887,10.17,34.91,2025-05-18
753,95,1882,542,21.63,30.42,2025-06-23
754,344,154,1113,46.53,40.27,2025-04-14
755,975,1229,552,35.1,15.04,2025-04-23
756,1124,1089,970,43.49,6.13,2025-02-06
757,253,65,407,27.86,21.84,2025-05-08
758,497,1519,1552,47.72,33.86,2025-03-10
759,547,670,671,33.68,30.59,2025-04-18
760,844,1289,1072,21.92,44.78,2025-03-12
761,767,1855,668,39.22,18.86,2025-03-08
762,87,765,401,25.83,18.2,2025-06-19
763,1441,1464,1963,36.31,6.29,2025-03-01
764,525,1520,718,7.76,19.01,2025-04-19
765,606,828,979,49.91,7.04,2025-05-08
766,996,1413,79,15.11,26.36,2025-05-05
767,247,1224,1278,42.22,14.83,2025-04-22
768,1083,1490,1404,13.12,13.69,2025-01-27
769,1275,1068,458,7.92,15.36,2025-06-11
770,1323,1984,1922,24.72,10.98,2025-01-21
771,1184,1266,1310,27.06,33.19,2025-04-24
772,1259,1690,17,49.13,24.81,2025-02-08
773,943,20,979,11.69,36.12,2025-03-24
774,639,1566,662,30.74,40.56,2025-02-09
775,1255,1306,639,44.71,26.63,2025-04-02
776,1442,393,1268,12.93,19.36,2025-02-24
777,393,713,1800,36.8,46.29,2025-06-07
778,1101,401,1810,43.64,17.19,2025-05-13
779,711,586,1929,32.17,40.99,2025-06-07
780,427,1790,75,19.69,12.93,2025-05-26
781,764,1286,1761,16.17,45.85,2025-01-05
782,295,327,1470,8.46,13.84,2025-04-28
783,1100,1050,237,17.54,39.79,2025-04-27
784,201,198,1502,40.47,23.28,2025-01-28
785,917,43,1184,29.31,36.89,2025-05-03
786,1064,1437,835,41.82,9.4,2025-05-01
787,498,927,111,40.5,10.89,2025-03-12
788,1037,1242,218,12.99,41.96,2025-02-19
789,1190,1505,1870,48.94,20.95,2025-05-08
790,1132,1158,747,34.01,17.68,2025-06-04
791,1499,1161,750,21.57,8.68,2025-03-10
792,776,1601,1864,25.89,48.45,2025-06-19
793,1298,1820,1763,14.94,13.84,2025-03-31
794,933,1617,1189,32.1,30.32,2025-01-10
795,42,1610,1156,8.89,42.8,2025-03-05
796,98,1228,1225,29.14,25.38,2025-04-05
797,601,1367,1638,15.45,17.31,2025-04-25
798,1143,868,1659,25.9,13.37,2025-05-06
799,917,541,507,16.53,7.86,2025-03-10
800,100,939,984,23.49,31.92,2025-03-29
801,321,100,1072,18.39,27.94,2025-03-30
802,1470,1237,757,31.12,29.18,2025-05-23
803,1192,1586,945,23.23,41.05,2025-06-04
804,239,126,1340,34.64,36.85,2025-02-23
805,1400,590,466,37.55,37.62,2025-06-11
806,1441,198,29,25.92,21.72,2025-01-22
807,1234,814,1999,22.13,22.02,2025-06-27
808,39,639,1553,21.66,30.47,2025-06-02
809,744,817,589,26.37,31.8,2025-02-22
810,1249,1641,1471,18.84,42.7,2025-05-17
811,1075,1525,413,41.44,6.2,2025-05-31
812,585,1496,993,48.46,33.58,2025-02-03
813,495,400,41,16.68,29.86,2025-01-26
814,1218,336,80,41.26,13.64,2025-06-09
815,646,587,243,34.77,37.72,2025-02-16
816,1265,1077,1228,25.52,32.35,2025-04-19
817,93,549,1859,30.06,6.97,2025-05-28
818,1362,673,12,46.29,14.74,2025-05-26
819,1403,1271,592,11.28,44.01,2025-03-10
820,241,992,234,44.54,33.83,2025-05-06
821,511,1914,403,18.33,45.75,2025-01-15
822,484,1668,1206,35.72,31.02,2025-06-11
823,769,560,1332,20.35,19.59,2025-01-08
824,765,1628,1952,8.84,37.89,2025-03-24
825,133,996,359,8.32,43.42,2025-02-08
826,617,373,1244,9.93,19.0,2025-02-28
827,1190,301,1608,46.24,28.46,2025-05-25
828,409,1269,125,25.64,12.42,2025-04-10
829,1009,1564,554,26.69,29.95,2025-01-12
830,334,547,1895,20.25,43.41,2025-02-06
831,739,477,304,49.22,39.73,2025-01-27
832,911,796,350,18.72,45.63,2025-03-18
833,706,1972,1972,35.36,48.93,2025-03-31
834,1019,1691,966,31.12,15.5,2025-02-13
835,297,1949,1906,43.34,12.24,2025-04-08
836,1360,1856,249,29.09,34.86,2025-02-19
837,492,163,1546,41.29,45.51,2025-04-06
838,57,1558,1616,9.21,19.3,2025-06-25
839,1321,218,1951,37.38,40.46,2025-05-22
840,1233,1733,350,5.85,26.27,2025-05-11
841,980,1326,399,27.42,24.53,2025-04-02
842,893,365,726,41.04,49.98,2025-05-28
843,1216,1651,1696,45.57,34.27,2025-01-01
844,380,319,1692,34.23,37.7,2025-02-02
845,501,1727,1345,20.78,19.39,2025-05-15
846,1058,1271,196,44.01,16.79,2025-03-13
847,187,1072,1266,20.34,49.56,2025-01-08
848,815,238,1416,49.89,32.5,2025-06-11
849,327,1034,1410,6.24,14.64,2025-04-16
850,415,1481,1379,46.43,47.64,2025-03-18
851,1475,236,761,33.7,15.04,2025-03-24
852,330,376,337,26.8,24.47,2025-03-20
853,1032,840,743,23.64,44.05,2025-06-12
854,1459,1730,782,17.01,27.01,2025-05-19
855,1120,1291,1052,43.19,33.86,2025-02-15
856,64,568,17,25.01,49.28,2025-01-22
857,775,1031,107,18.63,9.0,2025-05-31
858,999,665,1268,19.79,13.29,2025-01-29
859,1275,36,456,7.6,21.99,2025-05-18
860,1385,1169,881,20.93,8.38,2025-03-25
861,332,1589,378,14.89,7.02,2025-03-21
862,1295,1203,1660,37.6,20.2,2025-03-01
863,1014,1055,419,37.41,15.39,2025-04-10
864,1305,529,223,20.12,36.06,2025-03-10
865,921,1081,1853,34.37,32.88,2025-01-17
866,265,1186,647,46.52,9.83,2025-04-22
867,466,786,306,36.19,14.94,2025-03-25
868,867,83,1895,39.3,14.95,2025-05-24
869,1086,1836,49,46.78,30.29,2025-05-04
870,568,1043,1836,33.72,10.55,2025-02-01
871,42,132,104,35.6,46.12,2025-04-05
872,16,954,519,36.22,43.05,2025-02-06
873,1309,384,477,24.98,22.63,2025-03-17
874,1133,594,1402,8.56,47.16,2025-01-15
875,468,1528,818,29.73,16.37,2025-06-19
876,485,593,675,46.74,7.3,2025-04-17
877,213,986,213,35.21,31.2,2025-01-14
878,499,749,526,26.87,40.67,2025-02-23
879,1050,711,2,8.51,7.14,2025-01-19
880,1369,1946,1051,35.99,5.56,2025-03-16
881,1454,123,591,21.11,24.86,2025-02-09
882,795,192,860,22.17,37.42,2025-04-17
883,812,1541,1763,39.13,45.81,2025-02-07
884,352,1982,105,17.91,18.81,2025-04-25
885,1209,1213,634,5.93,30.06,2025-01-19
886,248,841,172,20.73,42.38,2025-02-15
887,811,756,955,26.46,30.62,2025-05-19
888,893,1362,1204,38.77,12.61,2025-01-25
889,944,1910,300,10.2,6.13,2025-01-12
890,285,1426,863,28.54,15.17,2025-04-08
891,619,1823,1018,8.67,12.77,2025-05-30
892,51,617,1752,38.29,36.14,2025-04-15
893,225,132,93,39.13,48.84,2025-01-29
894,30,156,501,49.65,10.06,2025-01-19
895,485,530,1896,43.56,8.68,2025-04-18
896,983,68,1403,27.85,6.94,2025-05-26
897,1180,954,201,34.41,35.88,2025-02-02
898,601,23,244,20.85,7.64,2025-04-11
899,455,952,382,14.01,10.82,2025-02-09
900,1212,1523,1250,41.6,15.11,2025-02-18
901,1159,629,1618,47.69,30.58,2025-03-24
902,1280,735,1827,43.07,41.58,2025-04-14
903,947,1173,881,15.68,17.32,2025-01-22
904,943,1316,1341,32.68,5.38,2025-04-28
905,54,1733,861,10.34,16.97,2025-03-04
906,963,1343,140,40.11,18.53,2025-04-27
907,827,1422,1729,6.09,17.41,2025-03-07
908,694,799,1559,48.77,24.92,2025-02-14
909,740,1997,1897,23.81,34.36,2025-02-02
910,321,1324,543,44.91,24.62,2025-06-18
911,90,1762,1977,17.59,36.36,2025-04-06
912,788,1878,1373,22.03,27.26,2025-05-23
913,37,1946,1496,12.0,36.72,2025-04-04
914,487,870,198,20.11,29.42,2025-04-14
915,497,1374,1849,46.87,46.5,2025-03-05
916,258,1985,1578,30.68,47.19,2025-02-07
917,1490,1630,550,45.13,28.09,2025-01-24
918,935,109,1970,33.76,9.31,2025-06-07
919,1175,1304,1416,11.08,8.17,2025-03-15
920,157,136,1659,26.25,26.65,2025-03-08
921,899,950,592,23.48,26.75,2025-01-16
922,1087,1495,203,28.72,13.93,2025-01-25
923,757,72,542,27.73,49.17,2025-06-20
924,430,1885,1348,46.18,29.17,2025-03-18
925,970,387,173,33.66,13.97,2025-02-13
926,263,1906,1393,17.0,16.46,2025-04-07
927,283,828,420,46.18,42.7,2025-02-20
928,376,1640,1444,19.02,36.57,2025-01-31
929,529,1388,1218,35.65,28.84,2025-03-26
930,929,1855,984,49.16,28.28,2025-05-21
931,297,237,672,38.57,33.08,2025-02-04
932,654,630,1425,43.77,7.09,2025-01-27
933,703,1996,1744,14.97,41.15,2025-04-18
934,110,930,718,20.36,7.42,2025-03-10
935,754,762,843,36.23,7.09,2025-02-08
936,1239,954,39,37.66,40.82,2025-02-02
937,688,324,965,31.09,18.79,2025-06-13
938,953,310,1498,30.31,49.88,2025-06-07
939,51,1646,523,21.84,24.28,2025-02-04
940,980,1714,562,15.65,19.81,2025-03-10
941,648,1129,1205,31.78,19.89,2025-01-02
942,1324,832,1217,22.5,8.17,2025-03-24
943,1111,696,709,15.9,41.57,2025-06-04
944,578,1493,679,41.49,39.56,2025-03-21
945,498,554,382,43.94,15.49,2025-04-07
946,664,975,1048,11.78,42.21,2025-02-03
947,916,1878,1796,23.51,48.29,2025-01-28
948,787,259,1422,14.33,37.84,2025-05-25
949,1141,1165,1349,36.27,7.33,2025-01-29
950,1478,1659,659,39.61,26.55,2025-03-11
951,1105,1731,1858,8.11,12.75,2025-01-12
952,543,985,369,24.38,20.65,2025-06-01
953,866,1383,1575,23.22,45.98,2025-06-12
954,314,1106,660,24.14,37.78,2025-05-06
955,12,1577,1947,8.45,14.38,2025-05-25
956,268,885,1793,14.62,16.8,2025-04-04
957,730,619,993,36.76,35.06,2025-01-29
958,341,1514,557,45.46,46.9,2025-02-04
959,63,868,1486,21.17,24.96,2025-05-25
960,1004,1322,868,46.99,40.75,2025-05-07
961,435,1644,418,27.68,14.64,2025-05-15
962,1407,123,306,14.32,17.39,2025-02-28
963,653,1724,1695,48.13,17.05,2025-03-22
964,1344,1517,1695,29.55,35.54,2025-05-21
965,832,1611,536,33.59,35.43,2025-06-20
966,655,1814,1387,14.94,27.59,2025-01-29
967,24,1103,1250,9.95,10.31,2025-02-17
968,774,1210,14,31.89,28.02,2025-01-21
969,725,1776,1868,44.77,12.97,2025-05-21
970,196,1404,1160,33.54,11.21,2025-01-07
971,949,1916,972,7.21,16.5,2025-06-22
972,938,1843,488,28.09,12.84,2025-05-14
973,16,316,1678,23.18,16.8,2025-06-19
974,1391,1951,1047,24.8,5.21,2025-03-08
975,1383,1183,1448,42.17,9.41,2025-02-01
976,1231,666,1748,48.28,48.53,2025-03-21
977,584,1903,640,46.29,31.82,2025-01-26
978,1034,1593,211,45.0,31.42,2025-05-23
979,287,555,81,19.27,18.61,2025-06-12
980,105,670,1400,25.41,44.14,2025-06-04
981,422,1396,1057,35.73,13.99,2025-03-30
982,8,351,124,30.43,38.67,2025-03-19
983,499,203,1369,12.56,13.93,2025-04-24
984,677,1945,1025,26.44,33.99,2025-01-05
985,463,510,1337,8.91,6.57,2025-02-22
986,137,1424,837,8.74,19.93,2025-05-24
987,973,1745,1585,45.76,6.44,2025-03-05
988,646,642,5,34.92,21.19,2025-05-08
989,1192,1655,29,48.6,36.58,2025-02-26
990,900,1906,764,36.94,21.52,2025-04-09
991,594,393,726,14.28,28.64,2025-03-20
992,292,1882,32,25.34,19.64,2025-03-29
993,1477,1124,475,6.81,46.59,2025-05-18
994,1398,242,831,30.1,45.87,2025-04-07
995,610,1211,486,24.49,14.69,2025-02-17
996,1232,1000,1119,10.98,22.22,2025-06-15
997,579,203,1475,45.14,16.6,2025-05-19
998,1414,800,1843,25.77,47.22,2025-03-25
999,80,1720,1230,33.61,11.69,2025-02-03
1000,77,1809,511,12.9,49.08,2025-04-24
1001,812,740,115,48.11,5.68,2025-04-04
1002,1384,4,1575,7.19,33.89,2025-06-05
1003,1140,81,655,44.33,21.6,2025-06-17
1004,960,1172,402,28.9,26.99,2025-02-08
1005,32,290,32,10.64,18.23,2025-05-02
1006,1109,1606,1688,41.6,42.72,2025-02-18
1007,866,1245,603,20.81,25.43,2025-05-30
1008,1316,781,727,19.87,35.01,2025-04-07
1009,342,1092,141,24.57,15.73,2025-03-07
1010,386,841,1012,36.51,43.34,2025-06-08
1011,1291,44,823,26.31,28.19,2025-06-19
1012,248,1779,1630,12.83,28.02,2025-02-18
1013,844,1007,434,10.54,24.56,2025-01-13
1014,751,1843,1580,7.34,19.88,2025-03-14
1015,293,848,743,15.29,39.21,2025-03-19
1016,686,1846,930,32.7,16.24,2025-02-10
1017,578,16,1046,41.41,19.11,2025-02-10
1018,929,9,1387,21.66,7.9,2025-04-16
1019,713,1165,781,39.7,39.95,2025-02-08
1020,279,1862,1358,6.65,21.6,2025-04-19
1021,681,1765,1429,48.74,12.18,2025-01-11
1022,119,669,1718,11.87,13.98,2025-06-14
1023,1466,1244,628,36.0,36.06,2025-02-10
1024,762,1303,229,20.84,29.2,2025-01-08
1025,1298,567,430,35.62,48.99,2025-03-15
1026,469,52,1220,9.4,46.01,2025-01-25
1027,976,1102,1521,41.07,31.1,2025-02-24
1028,472,595,1353,28.64,5.51,2025-06-23
1029,456,31,1286,9.27,48.26,2025-03-03
1030,25,349,39,28.84,39.93,2025-04-02
1031,821,970,1200,26.8,19.49,2025-02-01
1032,122,1694,5,24.42,18.68,2025-04-18
1033,982,1986,1928,35.77,30.71,2025-05-15
1034,940,1923,1916,31.94,5.34,2025-02-05
1035,286,1107,21,43.38,46.58,2025-01-19
1036,219,251,1934,9.51,7.05,2025-01-09
1037,456,397,1143,23.42,15.53,2025-01-08
1038,648,538,204,5.14,22.99,2025-03-22
1039,62,1303,1288,23.8,35.59,2025-01-11
1040,1431,1548,136,31.29,10.71,2025-02-21
1041,985,432,1301,42.56,42.6,2025-04-09
1042,600,1974,1964,37.85,9.02,2025-04-24
1043,168,1651,1198,9.38,41.96,2025-01-16
1044,1430,1623,1262,21.62,22.03,2025-01-15
1045,550,482,1157,11.99,46.82,2025-03-20
1046,777,1855,1020,42.23,44.31,2025-05-25
1047,900,867,185,30.87,30.57,2025-02-10
1048,871,411,1443,36.42,25.3,2025-04-29
1049,501,1137,1715,45.71,17.96,2025-05-30
1050,1419,1789,1897,23.52,10.41,2025-03-23
1051,1055,224,1085,29.6,38.45,2025-03-13
1052,704,145,402,39.95,45.35,2025-04-20
1053,555,1277,192,11.1,18.18,2025-04-02
1054,743,1239,1379,9.11,39.12,2025-04-29
1055,656,1793,649,29.98,39.13,2025-06-26
1056,990,768,1984,25.98,18.29,2025-02-16
1057,1112,1324,1950,37.73,18.76,2025-06-03
1058,1446,428,1652,23.45,35.17,2025-04-01
1059,81,1041,986,33.8,45.97,2025-01-28
1060,1162,1864,465,38.89,14.07,2025-02-21
1061,853,1113,769,38.9,34.93,2025-02-08
1062,1162,1605,985,41.58,19.93,2025-02-24
1063,678,704,968,33.29,20.78,2025-05-19
1064,32,43,432,40.53,31.06,2025-01-31
1065,1314,1644,580,42.29,26.22,2025-01-17
1066,1390,1188,1429,23.38,46.93,2025-06-21
1067,240,890,1884,6.95,24.07,2025-04-04
1068,480,611,378,7.62,32.98,2025-03-13
1069,760,1137,1275,23.34,23.34,2025-02-07
1070,378,1303,1630,25.53,19.26,2025-01-02
1071,818,580,1156,49.89,41.59,2025-06-07
1072,1200,1943,962,18.39,37.47,2025-05-05
1073,703,141,221,37.36,27.11,2025-03-20
1074,139,1995,1694,11.97,38.64,2025-06-10
1075,204,1304,1141,10.08,6.9,2025-04-09
1076,1450,1472,86,6.43,9.98,2025-01-14
1077,1431,1321,1921,15.82,47.09,2025-06-16
1078,1120,1838,1684,23.85,5.12,2025-04-16
1079,1183,927,692,36.1,21.89,2025-01-17
1080,833,856,1180,46.47,33.76,2025-04-03
1081,133,40,201,47.3,49.84,2025-03-22
1082,954,1958,1905,35.1,40.07,2025-06-04
1083,363,1450,313,13.8,46.01,2025-03-30
1084,796,265,369,18.9,43.02,2025-02-09
1085,914,1830,991,40.02,6.01,2025-06-04
1086,129,1331,182,15.8,5.27,2025-01-30
1087,61,1037,1177,39.4,16.34,2025-03-27
1088,1121,1682,2000,9.89,20.26,2025-02-18
1089,1185,1556,1191,20.75,10.25,2025-01-05
1090,1128,54,977,6.21,20.82,2025-04-23
1091,1449,314,651,15.39,29.99,2025-03-13
1092,756,322,1670,17.25,23.4,2025-05-31
1093,921,24,1573,49.34,35.09,2025-02-22
1094,580,1461,97,41.16,16.19,2025-02-09
1095,115,1254,584,28.67,46.64,2025-06-27
1096,657,452,650,13.95,37.32,2025-01-24
1097,733,1911,926,21.8,30.19,2025-01-10
1098,649,80,1458,29.57,46.66,2025-06-25
1099,1223,1229,359,30.78,48.98,2025-05-06
1100,1338,1744,754,46.26,44.79,2025-01-16
1101,890,421,722,32.87,15.63,2025-02-03
1102,69,1850,1335,35.52,23.02,2025-05-24
1103,502,1214,1231,38.92,13.21,2025-05-25
1104,1163,164,1638,44.29,14.38,2025-03-10
1105,667,1561,1956,22.58,44.81,2025-04-06
1106,700,153,1390,35.11,37.31,2025-01-19
1107,140,1409,984,6.33,23.02,2025-05-25
1108,463,1629,1757,7.82,12.74,2025-03-10
1109,1344,185,320,7.69,46.22,2025-04-12
1110,1341,399,1569,26.35,40.42,2025-02-09
1111,664,1278,1629,38.07,7.94,2025-04-21
1112,1285,226,138,46.03,23.41,2025-05-25
1113,712,676,1978,14.1,28.71,2025-01-17
1114,350,1195,268,43.74,49.6,2025-06-18
1115,260,588,968,33.12,40.05,2025-02-26
1116,7,1663,1297,14.96,22.63,2025-06-09
1117,1434,1370,701,40.56,18.81,2025-01-22
1118,1180,1472,1588,40.68,42.97,2025-06-01
1119,515,480,1310,17.52,6.8,2025-04-19
1120,336,759,752,19.02,15.69,2025-03-11
1121,179,1831,1490,27.74,49.97,2025-01-08
1122,574,500,28,22.75,9.02,2025-03-03
1123,1102,284,634,17.79,45.94,2025-06-01
1124,929,804,306,41.22,10.22,2025-01-01
1125,253,622,1538,11.3,5.15,2025-06-13
1126,955,1943,1030,19.91,15.69,2025-05-07
1127,965,1302,991,26.52,19.31,2025-02-27
1128,175,1184,953,22.21,44.32,2025-04-25
1129,1472,707,1295,48.72,26.5,2025-02-11
1130,567,1460,1364,27.4,20.8,2025-05-04
1131,624,1995,85,19.56,6.08,2025-05-23
1132,1123,10,244,7.41,13.37,2025-05-15
1133,974,1400,274,40.85,6.35,2025-02-20
1134,853,1241,1176,23.61,9.44,2025-03-08
1135,1093,1737,283,38.0,23.07,2025-01-31
1136,449,827,1388,14.17,39.64,2025-06-03
1137,917,1557,1453,6.97,9.36,2025-05-23
1138,1064,1443,59,24.32,25.35,2025-06-02
1139,493,1586,182,18.21,22.56,2025-03-21
1140,1247,1863,248,34.54,44.21,2025-05-22
1141,155,878,1449,41.67,33.15,2025-04-28
1142,1137,1020,698,38.93,25.25,2025-06-02
1143,159,1417,99,40.8,27.03,2025-06-05
1144,428,1569,1871,43.48,40.31,2025-01-03
1145,1090,1128,757,18.67,31.63,2025-05-18
1146,291,425,1719,33.53,30.81,2025-01-10
1147,1102,1569,73,12.27,10.07,2025-05-16
1148,503,1240,1424,18.93,30.02,2025-05-09
1149,219,520,817,29.87,23.19,2025-06-19
1150,900,1108,1406,37.95,24.26,2025-03-25
1151,1356,795,1532,47.54,16.74,2025-05-26
1152,692,1999,854,13.56,20.45,2025-06-11
1153,60,1348,765,30.08,13.66,2025-01-30
1154,416,296,1343,36.1,40.23,2025-05-09
1155,1036,45,427,47.06,8.94,2025-02-22
1156,661,1686,305,40.74,15.75,2025-03-06
1157,1039,1144,427,7.93,45.3,2025-01-18
1158,554,1142,507,49.86,8.14,2025-01-24
1159,111,195,1674,13.74,44.93,2025-04-14
1160,100,742,1758,37.61,12.99,2025-04-25
1161,981,80,681,32.86,35.48,2025-01-02
1162,1152,1825,160,46.52,33.81,2025-05-17
1163,1179,912,823,37.94,14.43,2025-03-16
1164,928,1825,174,19.76,8.16,2025-02-24
1165,998,610,1147,40.55,45.2,2025-04-05
1166,1422,480,688,6.69,40.29,2025-06-04
1167,140,1970,301,24.34,42.56,2025-03-23
1168,1105,1073,1128,12.21,12.8,2025-03-10
1169,869,524,1459,5.05,23.26,2025-02-20
1170,1025,1728,1445,29.47,19.22,2025-02-05
1171,1178,326,502,45.79,36.08,2025-05-21
1172,285,548,1361,33.77,10.28,2025-03-28
1173,760,938,1570,20.64,22.68,2025-01-15
1174,178,1165,861,38.31,15.52,2025-01-28
1175,100,1752,571,6.91,30.28,2025-03-26
1176,233,637,1792,40.45,33.96,2025-06-16
1177,108,839,1305,48.71,32.14,2025-03-16
1178,352,1049,1147,7.72,39.85,2025-06-14
1179,1291,838,901,15.97,14.52,2025-03-12
1180,677,1074,1777,35.81,49.38,2025-02-17
1181,748,153,642,37.13,22.34,2025-03-28
1182,406,622,746,15.1,32.05,2025-06-27
1183,1240,1095,1038,45.28,8.63,2025-01-22
1184,212,1079,1905,37.25,29.65,2025-04-16
1185,1197,1921,1889,20.53,24.76,2025-03-16
1186,917,1802,1731,9.47,37.33,2025-01-02
1187,787,1977,298,20.63,30.19,2025-01-01
1188,1086,1179,1466,35.91,26.09,2025-01-12
1189,1285,980,1112,34.01,29.52,2025-05-05
1190,474,978,193,40.44,15.65,2025-04-30
1191,1286,1539,1496,13.63,8.55,2025-03-11
1192,742,599,1929,39.11,47.58,2025-05-08
1193,720,207,1818,9.42,21.94,2025-03-26
1194,88,671,748,30.41,9.81,2025-03-07
1195,738,1595,1073,49.31,43.94,2025-04-19
1196,350,1526,553,14.95,46.46,2025-06-04
1197,1100,1069,408,47.8,39.85,2025-04-01
1198,1366,1353,1116,18.9,42.5,2025-05-13
1199,1078,912,1240,38.55,29.64,2025-03-19
1200,458,577,1687,43.47,17.93,2025-05-26
1201,464,1979,1962,42.2,47.96,2025-03-10
1202,908,1690,631,47.76,15.89,2025-05-26
1203,800,620,270,6.7,7.89,2025-04-01
1204,323,219,1958,44.56,32.72,2025-01-20
1205,1135,1559,524,26.73,30.15,2025-05-07
1206,160,726,464,35.16,15.76,2025-02-20
1207,944,1025,1307,48.02,22.09,2025-02-03
1208,532,543,76,27.28,10.23,2025-02-06
1209,102,261,1549,29.14,17.21,2025-04-04
1210,1147,1191,1783,8.7,26.01,2025-04-18
1211,1141,1787,969,41.14,36.61,2025-01-30
1212,173,1302,1491,7.86,15.2,2025-01-02
1213,1280,1905,463,25.09,45.15,2025-06-01
1214,1443,1762,1798,11.88,45.23,2025-01-08
1215,1158,104,1039,30.62,33.2,2025-01-10
1216,1361,311,1991,11.02,48.66,2025-02-18
1217,1074,874,803,18.84,39.43,2025-01-04
1218,1487,1458,215,49.11,23.64,2025-06-14
1219,54,962,15,35.57,14.53,2025-01-21
1220,1349,1545,1460,41.86,9.47,2025-06-17
1221,432,962,1139,16.43,38.63,2025-02-16
1222,71,147,890,28.8,47.57,2025-03-01
1223,693,479,1588,48.0,44.17,2025-06-22
1224,802,734,1359,17.58,42.08,2025-03-08
1225,1333,1546,1044,5.88,23.38,2025-03-22
1226,848,900,1173,13.21,31.32,2025-03-03
1227,413,977,110,19.88,13.46,2025-06-17
1228,772,1928,59,7.6,10.02,2025-03-20
1229,799,1045,1261,48.74,30.32,2025-01-23
1230,119,333,1411,47.21,28.92,2025-03-16
1231,1276,959,1846,45.62,48.8,2025-03-25
1232,141,1959,438,9.49,7.82,2025-05-28
1233,230,525,1921,43.54,26.43,2025-02-18
1234,365,1048,1363,46.24,28.9,2025-04-18
1235,909,1838,499,7.69,36.94,2025-01-13
1236,1161,1696,1379,22.54,6.77,2025-04-08
1237,546,88,50,21.29,42.26,2025-04-16
1238,886,1209,289,25.66,11.42,2025-01-02
1239,664,231,146,16.4,17.01,2025-05-04
1240,1106,1265,1545,44.29,13.77,2025-01-16
1241,859,1745,1644,15.59,38.32,2025-06-07
1242,6,1221,520,21.69,48.49,2025-06-25
1243,362,413,1157,38.55,13.96,2025-06-24
1244,303,1717,1742,21.36,15.57,2025-02-25
1245,1094,288,692,10.07,22.71,2025-05-27
1246,129,1621,1450,44.24,21.82,2025-02-11
1247,131,626,303,38.09,48.16,2025-01-11
1248,449,713,861,35.28,46.4,2025-04-18
1249,1056,1908,1134,33.93,39.78,2025-03-06
1250,1068,1687,1809,26.72,17.05,2025-05-28
1251,746,1833,977,45.49,21.97,2025-01-12
1252,685,1304,1349,37.07,32.36,2025-05-12
1253,858,231,708,35.27,5.1,2025-04-05
1254,443,73,1823,36.81,9.7,2025-04-18
1255,996,929,612,17.93,49.64,2025-04-26
1256,1018,660,1607,38.11,16.83,2025-06-12
1257,1076,649,1998,22.08,44.88,2025-03-29
1258,1153,1222,868,23.16,45.37,2025-03-12
1259,1330,1225,222,37.2,44.01,2025-06-14
1260,184,1045,1165,15.21,36.36,2025-06-10
1261,1468,1109,1485,39.74,38.74,2025-05-10
1262,1279,1150,1769,16.62,27.83,2025-05-08
1263,118,1216,823,6.94,42.41,2025-03-08
1264,474,1471,1545,16.27,20.6,2025-06-05
1265,78,894,72,43.12,24.96,2025-04-23
1266,910,372,570,17.14,46.86,2025-01-31
1267,864,941,1878,26.04,21.2,2025-01-17
1268,710,1392,1271,11.3,43.9,2025-01-22
1269,629,1516,1043,27.55,16.03,2025-02-23
1270,475,1835,525,11.67,6.24,2025-05-19
1271,1462,838,1638,18.75,26.0,2025-06-08
1272,1309,1599,1953,32.34,27.16,2025-05-20
1273,280,1442,196,34.89,47.89,2025-01-18
1274,214,282,542,10.37,26.83,2025-04-23
1275,351,585,845,46.62,18.25,2025-02-03
1276,1103,1612,633,31.03,35.23,2025-04-23
1277,1005,84,1041,9.79,44.12,2025-03-21
1278,235,21,1221,14.26,15.04,2025-01-10
1279,458,1061,558,37.66,24.65,2025-02-07
1280,180,684,1825,23.89,44.8,2025-03-10
1281,969,346,1350,15.41,22.76,2025-01-13
1282,1317,1238,1879,16.55,43.33,2025-05-27
1283,1121,518,1937,27.0,7.5,2025-01-01
1284,208,180,1385,35.72,6.91,2025-06-13
1285,730,346,1616,30.22,38.76,2025-01-11
1286,352,561,1507,33.97,14.51,2025-05-22
1287,1479,273,228,39.05,34.83,2025-01-07
1288,1185,1113,829,16.97,19.66,2025-06-21
1289,473,36,21,12.67,40.54,2025-04-03
1290,884,843,227,26.23,34.94,2025-01-10
1291,620,428,404,47.43,41.31,2025-01-23
1292,416,780,1286,49.59,22.32,2025-02-01
1293,119,1735,1906,17.07,39.74,2025-04-25
1294,377,106,552,15.21,7.84,2025-05-25
1295,1434,1078,1239,22.11,23.19,2025-06-25
1296,843,328,1306,17.69,38.23,2025-06-08
1297,1000,304,102,11.94,12.53,2025-02-10
1298,523,1354,676,42.02,30.85,2025-03-01
1299,514,1255,1464,8.77,46.49,2025-03-04
1300,524,674,891,25.3,42.48,2025-05-31
1301,791,326,1342,41.47,7.34,2025-04-30
1302,1496,48,431,31.14,12.11,2025-03-11
1303,294,64,1620,11.19,26.12,2025-03-21
1304,208,1001,1599,35.15,24.14,2025-01-09
1305,579,864,959,11.37,22.02,2025-03-23
1306,1076,1029,1182,28.3,48.88,2025-01-09
1307,1236,1059,149,21.78,29.33,2025-04-25
1308,844,1204,1849,41.75,18.81,2025-05-18
1309,1136,1697,807,10.93,41.94,2025-03-15
1310,1158,1392,611,15.13,29.46,2025-01-10
1311,29,866,1233,32.73,42.46,2025-03-30
1312,50,527,1765,42.98,9.8,2025-05-31
1313,951,1830,1959,7.92,35.09,2025-05-13
1314,1226,1780,83,24.02,33.85,2025-03-16
1315,1251,386,190,43.6,35.54,2025-02-05
1316,411,470,1177,27.63,5.08,2025-03-22
1317,1407,820,805,12.69,39.35,2025-02-09
1318,313,1987,498,24.9,45.66,2025-04-21
1319,303,1042,568,12.16,12.81,2025-04-09
1320,929,1920,683,34.61,35.43,2025-04-16
1321,1133,489,965,12.56,46.61,2025-01-07
1322,1361,1708,1320,27.78,29.37,2025-03-15
1323,845,1795,1825,36.98,47.25,2025-02-14
1324,498,1907,1273,22.49,48.35,2025-02-20
1325,1255,712,535,14.3,41.12,2025-04-17
1326,943,794,1270,38.19,16.78,2025-04-08
1327,25,1602,1751,9.42,6.23,2025-02-21
1328,1243,1310,118,46.09,16.46,2025-04-12
1329,208,1039,570,39.91,20.0,2025-04-15
1330,735,920,248,44.87,46.87,2025-05-08
1331,166,1317,760,28.94,47.74,2025-01-11
1332,1384,739,1258,47.13,24.98,2025-03-01
1333,746,260,142,37.82,14.95,2025-03-21
1334,818,1187,1356,21.82,10.66,2025-06-16
1335,999,1787,144,21.47,37.56,2025-01-03
1336,377,1547,1797,11.13,7.07,2025-02-09
1337,1000,464,1670,36.89,47.99,2025-03-12
1338,532,1531,1111,11.65,24.26,2025-03-16
1339,209,1468,163,27.23,26.22,2025-01-06
1340,403,1713,1132,49.69,15.5,2025-06-04
1341,994,771,440,18.85,42.66,2025-05-01
1342,450,1262,705,5.96,15.43,2025-06-20
1343,1283,1202,555,24.33,31.2,2025-03-07
1344,237,680,55,40.18,13.23,2025-04-28
1345,292,73,1943,21.44,28.06,2025-06-23
1346,119,443,1349,30.89,48.02,2025-04-04
1347,504,1373,1542,23.75,6.11,2025-05-09
1348,556,748,496,37.6,20.78,2025-06-21
1349,1093,843,916,35.28,14.56,2025-01-15
1350,663,500,1597,17.75,8.96,2025-03-02
1351,831,1909,847,25.61,20.87,2025-05-16
1352,293,1487,1657,14.07,10.56,2025-02-08
1353,435,285,1756,40.32,12.57,2025-02-17
1354,1081,1407,1324,35.62,46.41,2025-02-12
1355,1072,319,996,41.16,7.3,2025-04-03
1356,1261,1556,569,45.2,20.01,2025-02-07
1357,376,715,1744,16.09,24.29,2025-03-06
1358,879,1376,1012,36.94,21.24,2025-06-18
1359,1447,1001,784,29.77,42.98,2025-01-10
1360,537,486,1245,6.77,47.68,2025-05-10
1361,941,720,1219,30.17,48.38,2025-03-12
1362,595,337,420,35.33,8.4,2025-03-11
1363,906,962,1578,43.52,33.77,2025-03-16
1364,1232,876,282,24.19,7.82,2025-01-07
1365,94,1664,238,49.91,35.93,2025-06-21
1366,936,1115,1672,45.42,27.58,2025-01-15
1367,1177,150,1750,44.03,34.67,2025-06-18
1368,355,446,1427,34.48,14.06,2025-03-19
1369,154,197,123,49.01,26.92,2025-04-22
1370,1144,160,1387,19.67,18.07,2025-01-17
1371,241,1304,1891,14.34,8.26,2025-02-14
1372,1232,796,675,49.49,39.92,2025-03-11
1373,1144,1645,875,11.79,15.41,2025-01-28
1374,1173,1632,1983,14.75,33.9,2025-04-14
1375,1303,416,447,38.74,8.83,2025-04-17
1376,16,126,1450,39.11,5.36,2025-03-10
1377,312,1648,317,5.4,23.62,2025-05-06
1378,1333,1262,670,33.74,20.1,2025-02-23
1379,591,1572,978,38.72,27.96,2025-03-24
1380,1478,1783,689,8.52,31.33,2025-03-06
1381,304,526,566,24.53,19.05,2025-03-29
1382,1137,884,1775,35.33,49.65,2025-05-21
1383,1177,825,584,31.01,44.94,2025-04-30
1384,811,1355,1203,14.17,10.61,2025-03-08
1385,987,1297,1847,12.15,20.38,2025-05-23
1386,583,1779,1862,24.67,36.73,2025-01-10
1387,270,626,1604,16.55,20.72,2025-05-29
1388,664,1733,562,16.92,26.32,2025-05-10
1389,1196,893,1102,41.98,40.28,2025-05-06
1390,1064,1987,340,22.67,22.15,2025-01-10
1391,1275,612,810,7.32,25.01,2025-06-19
1392,11,1336,1421,41.98,5.61,2025-03-06
1393,486,719,985,33.05,49.14,2025-03-14
1394,1007,1484,1717,43.15,36.48,2025-02-19
1395,1278,335,309,34.44,24.97,2025-01-25
1396,351,1209,1807,25.47,28.06,2025-01-30
1397,1274,1027,1298,16.17,32.95,2025-03-14
1398,386,1715,314,24.7,20.48,2025-03-21
1399,1426,1820,1933,18.69,9.01,2025-06-24
1400,1088,38,567,18.69,25.6,2025-02-20
1401,1484,707,1866,15.46,9.53,2025-05-28
1402,345,1735,68,11.93,40.9,2025-04-11
1403,305,586,421,45.03,19.22,2025-01-18
1404,1272,1334,1486,29.24,36.82,2025-01-07
1405,715,685,481,22.74,8.99,2025-05-26
1406,1402,254,894,40.68,26.94,2025-03-24
1407,868,111,813,32.7,6.66,2025-01-25
1408,1309,937,1956,40.71,32.79,2025-03-24
1409,425,940,1055,10.41,5.26,2025-05-14
1410,1191,417,198,25.07,37.56,2025-04-09
1411,978,1263,666,24.65,38.9,2025-05-29
1412,366,170,1622,19.2,36.23,2025-02-25
1413,1176,1383,822,6.43,43.89,2025-01-20
1414,497,331,1310,16.8,24.04,2025-06-22
1415,637,302,1330,46.14,22.88,2025-05-08
1416,804,1916,1288,30.02,14.97,2025-04-29
1417,424,677,1714,29.3,19.82,2025-03-15
1418,1499,1280,1733,44.96,22.48,2025-03-15
1419,1083,424,484,29.46,16.5,2025-01-01
1420,560,1207,451,38.95,40.02,2025-01-02
1421,835,844,1360,6.07,20.68,2025-06-09
1422,966,1768,1925,49.01,30.04,2025-01-19
1423,611,665,652,28.62,11.12,2025-03-18
1424,728,997,967,38.48,13.87,2025-05-26
1425,897,1200,120,16.91,25.68,2025-06-23
1426,414,984,603,6.49,33.29,2025-03-24
1427,899,153,1045,32.53,19.49,2025-02-27
1428,1401,1934,292,6.28,15.96,2025-05-11
1429,1151,286,1758,47.22,27.04,2025-05-20
1430,531,1077,369,5.78,36.21,2025-01-03
1431,253,541,371,29.91,45.8,2025-05-15
1432,179,1045,976,23.13,10.43,2025-02-24
1433,1244,468,1541,28.26,27.17,2025-02-05
1434,357,1525,389,17.5,37.13,2025-03-31
1435,92,1946,55,41.42,24.74,2025-03-29
1436,485,1481,1725,18.5,31.44,2025-06-11
1437,342,1459,1981,40.99,15.01,2025-01-15
1438,607,271,689,22.46,13.45,2025-05-28
1439,1011,225,1158,30.28,18.53,2025-02-06
1440,1176,374,1611,21.25,39.12,2025-02-17
1441,166,1305,759,37.25,30.21,2025-01-06
1442,300,54,709,30.13,26.47,2025-06-02
1443,1421,1121,579,26.59,49.41,2025-05-02
1444,1378,1593,1000,33.52,29.39,2025-04-06
1445,317,443,1396,8.05,5.61,2025-04-21
1446,71,327,1321,8.64,7.89,2025-02-25
1447,15,149,138,31.07,29.38,2025-01-16
1448,587,1465,1890,17.73,21.58,2025-02-16
1449,710,1372,1813,35.75,24.94,2025-04-15
1450,480,1124,7,22.48,41.65,2025-05-30
1451,4,224,1744,37.21,13.8,2025-03-25
1452,755,1951,1750,27.12,43.06,2025-03-08
1453,1184,1857,1343,24.14,28.61,2025-01-25
1454,730,175,1060,19.04,13.58,2025-04-01
1455,403,444,1196,44.43,25.78,2025-03-16
1456,480,117,1366,46.02,33.93,2025-05-06
1457,274,649,1428,31.28,45.8,2025-02-13
1458,288,1470,1781,13.58,17.55,2025-03-29
1459,447,1871,1367,36.07,31.8,2025-01-18
1460,1363,1389,1098,48.61,31.23,2025-04-19
1461,721,1474,1041,7.08,47.81,2025-05-31
1462,1356,1373,1646,20.18,26.04,2025-05-25
1463,634,1548,1940,5.75,38.26,2025-06-27
1464,1493,651,337,5.4,26.85,2025-05-10
1465,380,1431,1004,12.21,5.66,2025-02-25
1466,689,1520,277,19.03,30.97,2025-04-26
1467,1007,68,1636,25.3,22.01,2025-05-01
1468,1020,549,1364,29.8,12.77,2025-06-17
1469,865,1612,1395,6.34,33.01,2025-04-02
1470,104,1892,1696,29.24,15.08,2025-02-13
1471,784,223,176,28.65,38.26,2025-06-17
1472,1169,444,809,27.08,47.79,2025-04-11
1473,853,1882,708,37.67,46.79,2025-02-20
1474,416,18,28,48.27,27.9,2025-04-27
1475,1066,15,1324,6.64,5.09,2025-04-02
1476,1315,499,1879,31.3,35.77,2025-03-27
1477,1359,721,1955,8.23,20.62,2025-05-03
1478,1296,291,1250,14.36,38.85,2025-03-10
1479,796,1479,1355,49.12,11.97,2025-06-06
1480,242,883,1976,30.84,39.46,2025-06-27
1481,182,366,491,29.1,7.46,2025-04-05
1482,129,1151,641,38.42,47.13,2025-01-17
1483,1187,485,1181,38.2,5.72,2025-04-18
1484,328,1685,133,33.87,5.39,2025-04-03
1485,736,845,768,37.52,40.85,2025-02-13
1486,609,997,260,9.06,19.38,2025-05-26
1487,489,1326,40,26.02,20.8,2025-06-25
1488,950,974,166,22.59,23.54,2025-03-25
1489,780,316,1197,11.32,13.41,2025-03-22
1490,1143,1833,664,21.91,48.78,2025-04-17
1491,359,308,1067,24.96,27.25,2025-04-02
1492,367,1365,1637,14.36,5.76,2025-01-29
1493,127,349,1895,7.49,28.63,2025-04-29
1494,118,970,1021,9.16,23.93,2025-02-14
1495,352,1651,1234,12.5,35.76,2025-06-25
1496,1058,1500,1068,9.33,6.89,2025-01-01
1497,1098,549,1220,9.68,44.33,2025-01-17
1498,525,1659,710,18.51,32.85,2025-05-24
1499,70,1823,1844,29.84,37.6,2025-03-20
1500,471,592,353,7.32,6.5,2025-06-03
1501,116,1496,1737,19.01,26.13,2025-01-03
1502,1490,724,1722,13.94,13.98,2025-03-03
1503,1083,1589,1482,35.12,31.22,2025-01-12
1504,1255,611,1392,41.22,45.2,2025-06-08
1505,40,432,46,18.08,32.24,2025-03-25
1506,1419,1828,1102,16.98,26.7,2025-06-25
1507,753,1625,798,47.88,11.79,2025-05-20
1508,68,1969,617,47.36,8.52,2025-05-08
1509,402,838,1363,35.48,17.81,2025-02-01
1510,337,1699,579,48.71,12.19,2025-06-10
1511,152,1317,1305,48.62,33.46,2025-03-05
1512,79,1789,1238,14.25,35.96,2025-04-26
1513,88,1197,1816,22.76,7.96,2025-06-04
1514,614,447,394,18.13,23.44,2025-04-25
1515,1033,1202,1825,6.79,38.16,2025-03-11
1516,1423,1003,347,22.74,46.99,2025-03-03
1517,1043,1443,1988,30.09,27.16,2025-04-30
1518,1330,1834,1723,28.68,20.78,2025-02-28
1519,1490,1556,1368,5.77,30.62,2025-05-09
1520,723,625,1422,32.17,29.33,2025-05-14
1521,947,290,603,9.12,37.02,2025-02-28
1522,1052,1664,476,7.25,48.33,2025-05-03
1523,1399,798,1111,12.49,45.74,2025-02-20
1524,1386,1452,1492,11.75,6.2,2025-05-09
1525,1012,1295,273,36.79,37.94,2025-06-09
1526,168,1983,628,31.94,39.76,2025-05-20
1527,1222,606,1117,44.29,19.32,2025-02-02
1528,1199,1189,781,27.12,25.34,2025-05-02
1529,1170,1473,1400,23.53,25.1,2025-06-17
1530,285,153,345,33.81,25.37,2025-05-29
1531,401,8,226,34.48,34.07,2025-02-12
1532,259,1173,1244,7.83,20.54,2025-05-17
1533,398,1240,170,33.66,14.02,2025-04-09
1534,1209,422,735,6.54,15.63,2025-02-24
1535,300,1111,1080,35.72,39.08,2025-02-04
1536,35,1137,722,15.86,11.31,2025-01-22
1537,683,501,271,7.83,15.05,2025-05-30
1538,1356,1328,610,32.11,43.89,2025-02-10
1539,1102,1043,244,33.12,48.56,2025-05-24
1540,125,358,186,35.37,30.18,2025-06-27
1541,626,423,6,18.49,10.22,2025-05-12
1542,1300,1075,1756,12.24,5.39,2025-06-04
1543,330,498,852,29.72,44.96,2025-01-02
1544,785,1976,1611,46.57,31.85,2025-04-05
1545,390,1001,648,15.57,45.95,2025-01-02
1546,417,512,1443,39.17,15.45,2025-03-18
1547,945,1835,471,11.97,44.38,2025-01-22
1548,297,1972,1512,22.85,33.12,2025-01-23
1549,926,1153,248,30.69,26.14,2025-02-28
1550,517,1075,645,39.58,32.0,2025-03-17
1551,120,507,950,34.15,30.58,2025-06-23
1552,810,1353,1710,19.64,35.4,2025-06-04
1553,796,1091,15,7.84,44.78,2025-03-20
1554,447,751,522,37.07,9.07,2025-03-14
1555,1093,556,181,30.52,41.88,2025-06-23
1556,619,774,1855,27.36,35.84,2025-04-21
1557,819,1621,1250,15.64,29.55,2025-03-15
1558,516,1519,1715,23.92,6.98,2025-06-13
1559,989,1220,57,28.64,9.69,2025-01-24
1560,365,689,427,9.48,8.12,2025-01-31
1561,1241,717,133,40.33,17.36,2025-02-27
1562,384,1836,1097,33.12,33.2,2025-05-18
1563,710,53,1292,12.96,7.31,2025-02-11
1564,1453,813,1479,26.15,47.57,2025-03-10
1565,1240,96,1888,31.13,19.43,2025-01-16
1566,1071,1133,36,11.11,38.53,2025-06-16
1567,667,605,1200,5.63,13.91,2025-04-03
1568,906,878,859,33.84,12.04,2025-05-26
1569,382,1758,977,48.55,46.25,2025-04-14
1570,531,1570,1957,36.84,13.68,2025-06-27
1571,1312,306,367,8.38,18.14,2025-03-21
1572,589,1734,87,11.7,25.72,2025-01-21
1573,1248,273,148,36.45,36.35,2025-01-18
1574,778,1158,1152,26.93,19.47,2025-02-21
1575,369,1553,1395,36.94,19.68,2025-05-12
1576,958,439,1544,43.77,5.46,2025-02-09
1577,524,1845,540,26.04,28.0,2025-06-10
1578,439,1431,1552,48.95,22.76,2025-01-18
1579,1325,1371,811,30.06,7.09,2025-06-07
1580,100,547,1647,46.84,29.8,2025-01-02
1581,32,1734,1451,31.72,33.06,2025-03-21
1582,998,1434,293,8.29,24.72,2025-06-01
1583,1178,1221,1467,35.99,14.37,2025-03-15
1584,162,1864,1848,22.96,9.11,2025-03-25
1585,839,103,1798,16.6,15.96,2025-06-07
1586,394,608,77,47.21,35.6,2025-03-26
1587,952,1596,106,27.0,25.17,2025-01-20
1588,1420,182,576,20.25,29.66,2025-04-02
1589,807,1711,1575,31.84,8.7,2025-03-24
1590,1307,1724,1882,7.75,41.45,2025-06-04
1591,186,168,937,45.93,11.81,2025-06-12
1592,1441,938,917,35.49,11.21,2025-06-20
1593,1085,57,1178,37.33,14.83,2025-05-24
1594,393,1850,1811,34.05,12.01,2025-03-10
1595,1461,759,1278,21.36,8.98,2025-03-23
1596,1013,453,1807,9.24,29.15,2025-05-14
1597,861,1057,752,31.74,25.15,2025-03-31
1598,990,1710,1270,19.54,43.89,2025-06-23
1599,1069,1302,763,43.54,42.38,2025-02-09
1600,634,1506,610,13.02,38.65,2025-02-26
1601,1190,1357,426,31.24,42.29,2025-01-13
1602,36,1540,20,42.22,24.81,2025-01-16
1603,73,1088,931,48.92,43.1,2025-06-06
1604,370,694,315,10.71,16.17,2025-05-20
1605,1218,529,203,13.96,24.28,2025-03-13
1606,1287,1264,1462,6.95,46.88,2025-02-16
1607,7,1547,360,45.24,38.28,2025-06-02
1608,1118,1531,944,46.7,15.75,2025-04-08
1609,1038,836,936,11.61,36.12,2025-04-28
1610,1414,1128,1806,34.46,5.15,2025-05-10
1611,691,365,501,31.18,37.21,2025-01-28
1612,1173,930,1112,27.58,22.83,2025-06-11
1613,94,735,1555,30.21,39.95,2025-01-06
1614,1355,1289,1372,22.83,6.98,2025-02-25
1615,1077,1092,1446,41.89,43.85,2025-06-12
1616,36,84,441,11.35,42.93,2025-03-20
1617,794,899,1266,16.97,46.68,2025-04-15
1618,465,1577,650,22.98,42.83,2025-03-01
1619,579,489,304,41.67,36.46,2025-06-14
1620,1142,1133,1189,17.05,48.01,2025-06-03
1621,639,1523,1250,34.74,13.84,2025-01-13
1622,783,1125,690,30.99,16.54,2025-03-30
1623,774,1035,1810,42.06,30.64,2025-02-17
1624,259,1565,827,38.78,10.75,2025-06-24
1625,860,692,1873,36.0,23.94,2025-01-29
1626,947,1138,1158,19.87,10.62,2025-05-30
1627,1215,163,904,45.88,44.63,2025-05-19
1628,464,1958,1516,9.24,11.75,2025-04-18
1629,1320,550,305,11.31,41.07,2025-01-29
1630,325,1979,1369,35.05,27.75,2025-05-09
1631,534,921,870,45.92,12.9,2025-03-03
1632,551,916,1768,42.87,41.55,2025-03-01
1633,270,1586,481,43.06,48.18,2025-06-17
1634,1435,1231,1626,49.71,7.03,2025-01-26
1635,976,389,1512,25.71,16.31,2025-06-09
1636,975,850,180,44.38,16.78,2025-02-05
1637,1308,837,579,34.99,34.18,2025-04-19
1638,1377,1278,446,47.53,31.57,2025-02-08
1639,635,377,249,31.03,38.43,2025-01-28
1640,87,3,1801,22.66,32.2,2025-06-16
1641,344,314,992,16.54,13.78,2025-03-24
1642,602,768,1268,18.79,47.3,2025-04-12
1643,1027,2000,924,31.19,12.87,2025-03-30
1644,1487,1095,611,21.81,27.62,2025-02-18
1645,1178,1946,1552,39.08,41.14,2025-03-31
1646,382,1633,793,36.69,36.16,2025-05-04
1647,1240,1002,1294,8.58,24.45,2025-01-16
1648,1143,163,806,38.9,17.98,2025-05-28
1649,1408,89,1056,27.46,19.54,2025-06-24
1650,1067,1208,861,5.1,21.78,2025-06-04
1651,423,783,1900,23.94,29.38,2025-05-15
1652,242,799,1690,32.57,21.08,2025-04-07
1653,1092,450,814,27.54,25.92,2025-02-28
1654,284,1105,1919,8.16,40.62,2025-01-27
1655,1474,1088,961,38.23,15.62,2025-05-24
1656,333,673,576,48.65,31.15,2025-05-04
1657,859,1005,427,21.4,22.9,2025-01-29
1658,1044,1501,978,45.1,36.68,2025-05-29
1659,259,1581,797,36.42,18.78,2025-04-25
1660,197,559,306,27.84,48.09,2025-06-06
1661,1033,1847,1185,29.82,28.93,2025-06-20
1662,1017,164,1282,25.42,23.55,2025-01-08
1663,728,1532,1868,48.22,48.35,2025-06-08
1664,699,440,1518,30.64,43.63,2025-04-17
1665,791,1360,509,24.45,15.06,2025-04-17
1666,63,1653,279,38.69,26.31,2025-01-22
1667,1144,671,410,45.46,31.42,2025-01-28
1668,369,1771,1634,26.14,14.97,2025-01-02
1669,1297,1711,1688,42.88,20.9,2025-05-21
1670,205,1558,1435,28.52,33.83,2025-03-04
1671,475,1377,501,32.4,24.5,2025-02-04
1672,899,657,1657,6.08,23.14,2025-06-18
1673,247,349,1236,7.56,23.53,2025-05-17
1674,784,1965,333,32.8,7.42,2025-01-04
1675,337,543,853,40.69,47.14,2025-01-05
1676,1413,1793,109,38.01,11.6,2025-01-20
1677,692,1611,1092,27.45,27.44,2025-04-21
1678,595,1816,164,43.88,35.88,2025-03-14
1679,362,240,1403,36.25,34.6,2025-04-13
1680,426,1812,1213,17.6,38.89,2025-03-08
1681,758,900,617,45.34,6.06,2025-05-13
1682,1311,794,1658,40.47,36.31,2025-02-07
1683,682,1376,1014,42.24,33.6,2025-01-04
1684,519,1068,1912,24.79,30.09,2025-03-26
1685,282,159,1281,43.46,41.24,2025-04-19
1686,746,61,579,38.84,11.21,2025-06-01
1687,766,966,1178,35.15,29.2,2025-02-05
1688,1002,830,678,34.39,44.91,2025-02-20
1689,18,813,454,16.41,36.45,2025-05-16
1690,673,113,1032,15.13,38.79,2025-03-08
1691,1159,1261,1213,42.64,11.16,2025-02-14
1692,457,460,46,21.86,20.08,2025-06-13
1693,618,1206,402,40.22,31.68,2025-01-09
1694,929,837,1472,23.11,43.15,2025-05-03
1695,1117,311,220,26.42,10.79,2025-01-30
1696,1077,1473,1433,36.12,12.12,2025-04-26
1697,209,1075,143,22.14,47.13,2025-06-07
1698,485,1724,843,12.36,18.25,2025-02-07
1699,1473,1470,1824,29.0,45.64,2025-05-14
1700,1153,1034,5,21.12,27.71,2025-02-11
1701,594,1568,957,27.83,32.1,2025-05-29
1702,1040,1959,601,47.28,22.35,2025-04-19
1703,240,741,1671,46.44,9.02,2025-04-08
1704,743,1734,1999,29.41,7.91,2025-04-16
1705,766,364,411,43.81,20.65,2025-01-29
1706,865,1846,1640,32.79,6.03,2025-03-15
1707,1228,523,1004,17.27,37.98,2025-03-10
1708,1237,1744,375,29.23,23.77,2025-05-10
1709,947,1174,953,32.98,7.6,2025-04-28
1710,578,1093,1364,39.65,10.84,2025-05-26
1711,855,1967,1136,34.68,8.97,2025-03-22
1712,402,918,1653,43.26,12.4,2025-03-24
1713,783,1574,1917,28.91,35.41,2025-02-06
1714,977,451,1508,22.96,19.84,2025-04-29
1715,397,1782,1368,34.19,33.88,2025-01-27
1716,785,1481,878,25.31,29.72,2025-04-05
1717,457,1535,856,20.37,5.28,2025-04-24
1718,100,1785,1364,10.87,49.18,2025-04-12
1719,1410,734,176,27.57,46.21,2025-01-02
1720,1263,981,1622,13.21,18.61,2025-05-26
1721,670,546,1456,15.31,6.77,2025-06-01
1722,859,823,1390,33.92,15.68,2025-03-07
1723,1111,24,1666,38.75,14.58,2025-02-11
1724,529,1624,1727,11.6,22.44,2025-06-20
1725,462,840,1701,43.58,23.01,2025-04-16
1726,649,1726,1644,9.22,46.49,2025-02-20
1727,339,597,980,28.61,22.04,2025-03-19
1728,257,1522,377,44.05,27.76,2025-01-23
1729,1323,1538,3,11.46,13.16,2025-03-10
1730,1452,421,788,26.32,47.54,2025-05-22
1731,1124,601,126,34.15,32.57,2025-02-25
1732,1358,1098,247,37.73,22.81,2025-03-01
1733,86,77,1960,25.52,15.6,2025-01-20
1734,404,1236,515,24.26,13.27,2025-02-23
1735,995,1815,1714,28.52,32.99,2025-04-12
1736,1076,169,1395,8.17,27.66,2025-01-03
1737,814,1216,75,7.93,24.75,2025-02-09
1738,1174,1308,569,21.75,32.06,2025-03-19
1739,562,1622,1879,13.35,15.61,2025-06-05
1740,695,8,296,48.78,24.3,2025-03-16
1741,1414,1469,1712,8.03,36.39,2025-03-31
1742,1491,1373,792,27.05,25.65,2025-04-14
1743,268,229,1731,35.75,46.74,2025-05-24
1744,1038,1258,1568,33.8,17.05,2025-06-07
1745,533,252,1311,22.05,7.9,2025-01-06
1746,907,816,197,32.44,26.45,2025-03-07
1747,250,1896,1887,6.25,47.05,2025-02-12
1748,1212,447,1611,7.26,33.69,2025-06-20
1749,943,981,702,40.73,14.29,2025-04-07
1750,113,358,1543,30.33,49.52,2025-03-24
1751,837,1389,1887,35.5,43.31,2025-06-02
1752,486,1348,1151,12.58,35.84,2025-04-18
1753,821,334,315,43.22,24.39,2025-04-28
1754,706,817,833,6.37,12.08,2025-04-16
1755,115,1927,1633,47.76,31.66,2025-04-23
1756,1079,1404,276,41.24,6.72,2025-01-08
1757,163,507,290,22.92,27.73,2025-01-23
1758,194,1947,1676,32.88,48.45,2025-02-26
1759,181,1532,214,26.14,24.08,2025-06-19
1760,1316,1991,1400,34.6,16.72,2025-02-01
1761,853,1728,1920,17.68,29.88,2025-03-29
1762,535,76,18,12.05,31.93,2025-04-14
1763,332,1525,1304,8.32,41.99,2025-02-24
1764,866,640,819,11.71,35.51,2025-01-03
1765,1006,1898,1464,49.46,44.15,2025-05-30
1766,748,492,1368,45.13,16.25,2025-06-16
1767,640,187,532,6.99,33.18,2025-06-24
1768,151,1991,1657,36.93,26.65,2025-01-13
1769,279,212,571,12.74,22.89,2025-01-12
1770,53,52,1167,25.52,27.38,2025-04-21
1771,627,1022,643,44.47,26.24,2025-03-11
1772,100,1769,164,22.18,31.52,2025-05-02
1773,1374,82,458,11.55,26.12,2025-03-20
1774,1181,1728,196,29.19,25.92,2025-04-30
1775,1274,838,1200,33.88,47.53,2025-02-23
1776,567,1161,1551,41.62,33.16,2025-04-17
1777,1062,1723,189,33.31,13.1,2025-03-18
1778,159,169,828,21.65,47.99,2025-03-12
1779,1128,34,525,18.51,34.26,2025-04-07
1780,1252,423,341,8.52,33.43,2025-02-27
1781,713,1205,846,40.39,18.67,2025-03-12
1782,576,1493,1946,15.18,33.78,2025-06-01
1783,720,1814,1412,11.0,44.96,2025-06-02
1784,105,487,1387,25.25,28.64,2025-03-22
1785,318,1331,284,29.13,27.18,2025-03-17
1786,1249,175,1467,17.64,13.2,2025-01-01
1787,976,16,574,12.99,26.66,2025-05-12
1788,829,1094,1651,43.38,10.07,2025-04-08
1789,833,313,1408,23.86,27.8,2025-02-26
1790,1017,661,1569,12.3,36.98,2025-05-09
1791,765,1466,393,37.35,11.77,2025-05-22
1792,851,264,1043,47.7,10.7,2025-03-13
1793,1187,1338,1009,35.25,18.09,2025-05-14
1794,101,840,734,16.78,29.83,2025-06-14
1795,754,1647,1099,22.77,40.91,2025-05-13
1796,131,1401,1074,37.54,38.66,2025-01-29
1797,673,1206,1283,6.42,28.15,2025-04-03
1798,259,72,1088,21.18,28.34,2025-05-22
1799,433,1233,193,39.6,9.92,2025-02-25
1800,1270,304,606,11.2,49.06,2025-02-12
1801,132,1437,43,46.71,7.42,2025-05-31
1802,195,745,573,48.08,23.11,2025-02-28
1803,1282,889,1413,6.24,20.67,2025-06-12
1804,592,1629,362,44.0,20.85,2025-05-23
1805,779,810,1861,21.09,30.2,2025-01-22
1806,480,973,811,20.89,17.2,2025-03-01
1807,525,953,830,20.06,40.19,2025-04-25
1808,1193,764,617,17.17,18.2,2025-03-12
1809,255,1654,1219,39.21,9.28,2025-06-09
1810,608,348,212,21.84,29.76,2025-03-06
1811,138,556,1213,48.07,35.92,2025-03-06
1812,190,1455,732,31.35,31.54,2025-05-17
1813,1168,277,204,9.97,27.81,2025-06-05
1814,53,1505,899,17.13,17.22,2025-06-08
1815,598,1365,612,43.86,37.87,2025-05-14
1816,1371,518,594,27.11,17.32,2025-03-21
1817,567,563,461,23.63,7.5,2025-05-10
1818,26,1352,721,37.41,8.88,2025-04-23
1819,1414,784,1928,11.45,29.36,2025-01-23
1820,170,1553,343,20.45,9.17,2025-01-04
1821,1312,1386,1927,12.27,44.82,2025-03-02
1822,370,888,1734,24.21,24.85,2025-04-06
1823,810,72,872,48.71,29.93,2025-06-16
1824,479,1463,192,17.88,25.37,2025-04-26
1825,629,1228,1975,47.19,14.71,2025-05-19
1826,1387,708,1736,12.78,45.65,2025-04-27
1827,201,1116,68,8.7,6.83,2025-03-11
1828,1068,856,1679,48.79,9.53,2025-06-03
1829,290,1564,1347,38.37,10.4,2025-02-21
1830,1228,1522,194,22.28,17.93,2025-06-18
1831,182,364,344,20.43,33.83,2025-03-07
1832,781,1821,261,41.86,27.15,2025-05-26
1833,1457,747,664,8.4,44.41,2025-02-22
1834,907,720,1081,34.81,25.57,2025-06-03
1835,1133,988,287,36.83,28.46,2025-02-28
1836,599,952,794,49.93,12.67,2025-03-13
1837,24,1107,1592,41.88,6.28,2025-05-02
1838,300,751,1875,42.95,26.32,2025-04-04
1839,1491,435,466,31.11,24.95,2025-03-15
1840,793,1923,1032,36.39,24.3,2025-03-04
1841,833,1152,1684,18.68,39.19,2025-03-09
1842,793,969,1243,12.05,18.51,2025-03-06
1843,1379,295,48,27.79,33.97,2025-05-20
1844,1019,1018,1047,46.75,35.2,2025-05-06
1845,735,594,1011,31.87,31.85,2025-06-08
1846,111,1879,1567,47.39,25.46,2025-03-09
1847,646,755,1579,10.63,37.58,2025-05-05
1848,145,177,691,35.09,22.61,2025-03-01
1849,1494,1555,1799,19.57,16.51,2025-01-17
1850,1464,1387,1084,40.0,13.39,2025-06-24
1851,571,466,1237,35.1,16.29,2025-03-03
1852,1491,291,215,41.62,16.27,2025-04-11
1853,1301,673,104,40.17,46.97,2025-04-14
1854,853,224,603,33.9,14.02,2025-05-20
1855,395,638,41,21.94,31.44,2025-05-12
1856,457,271,647,35.89,37.4,2025-03-03
1857,1244,424,1430,44.75,16.08,2025-05-07
1858,210,1128,192,31.45,17.92,2025-01-31
1859,1077,1888,1679,24.78,21.45,2025-01-04
1860,413,1831,1048,29.4,13.71,2025-04-07
1861,179,852,1927,33.11,29.02,2025-01-28
1862,749,1532,376,22.17,35.13,2025-05-24
1863,714,29,82,33.21,41.32,2025-03-22
1864,805,930,1080,21.97,39.71,2025-02-18
1865,86,890,51,46.26,15.52,2025-01-05
1866,46,1540,1227,22.45,31.07,2025-02-10
1867,497,886,1762,42.43,8.35,2025-03-30
1868,398,285,1665,22.11,11.33,2025-01-29
1869,1054,462,263,16.2,48.99,2025-04-09
1870,850,1238,1708,10.11,26.27,2025-05-03
1871,1131,1699,1484,23.52,28.85,2025-06-10
1872,167,1299,1678,37.8,10.9,2025-01-01
1873,601,1908,1167,21.79,40.42,2025-01-21
1874,1092,1482,1942,20.21,26.53,2025-03-20
1875,1493,289,995,44.46,26.16,2025-06-27
1876,727,487,1703,40.3,5.13,2025-01-31
1877,954,957,269,24.43,10.08,2025-02-22
1878,990,1353,1164,9.51,18.36,2025-02-14
1879,259,699,1200,21.67,26.22,2025-06-05
1880,266,1253,298,29.99,7.41,2025-01-23
1881,1143,663,1658,18.65,47.52,2025-01-05
1882,149,1138,1979,22.98,7.21,2025-03-13
1883,1249,1096,1642,20.56,48.91,2025-04-01
1884,1280,490,1208,14.82,9.92,2025-05-30
1885,309,1060,1560,37.85,28.61,2025-06-25
1886,1190,828,586,11.97,20.76,2025-03-31
1887,995,1285,334,18.58,43.27,2025-01-29
1888,1354,961,89,29.05,17.83,2025-06-10
1889,839,611,964,7.2,14.05,2025-02-22
1890,188,1170,342,43.03,18.54,2025-05-06
1891,238,791,1981,27.27,44.36,2025-05-08
1892,512,1765,1263,25.45,7.28,2025-05-24
1893,36,886,655,40.53,8.23,2025-05-30
1894,449,1656,346,43.85,16.22,2025-01-14
1895,642,1081,1247,32.26,25.84,2025-03-16
1896,1184,1247,335,37.86,19.17,2025-02-11
1897,477,322,820,36.78,26.04,2025-05-10
1898,621,921,1098,34.95,17.3,2025-03-04
1899,1211,276,1175,48.48,9.79,2025-04-09
1900,752,1255,1440,41.61,42.01,2025-03-16
1901,489,1738,246,12.07,26.83,2025-04-05
1902,1144,480,1597,21.27,22.48,2025-02-09
1903,619,1581,755,19.89,34.64,2025-01-20
1904,978,1831,1350,22.56,9.58,2025-06-24
1905,704,303,49,18.59,33.03,2025-02-02
1906,730,160,1416,21.55,11.33,2025-03-26
1907,206,1679,1477,31.28,45.96,2025-03-25
1908,1090,918,92,44.47,12.48,2025-06-08
1909,834,275,260,12.46,49.27,2025-05-05
1910,435,668,1546,10.76,42.04,2025-01-26
1911,384,918,198,33.94,49.88,2025-01-04
1912,851,1913,486,32.73,43.08,2025-03-04
1913,892,650,143,46.68,38.13,2025-03-18
1914,1302,51,1617,20.12,19.33,2025-04-18
1915,1392,1043,1647,30.6,35.62,2025-02-21
1916,1139,1841,902,32.56,31.1,2025-03-11
1917,14,86,1039,34.46,11.66,2025-01-05
1918,1277,1656,217,18.95,15.01,2025-01-01
1919,911,940,242,6.9,30.74,2025-05-05
1920,703,453,1867,23.58,6.07,2025-02-03
1921,1311,113,273,22.25,28.93,2025-01-29
1922,1170,728,1180,14.03,21.0,2025-05-05
1923,1022,1511,914,31.32,19.48,2025-03-24
1924,555,618,697,30.83,33.62,2025-01-06
1925,1424,1081,62,24.24,11.57,2025-02-07
1926,791,1913,492,27.67,44.9,2025-02-06
1927,105,541,451,45.16,28.61,2025-06-02
1928,1302,1465,799,48.57,9.17,2025-01-17
1929,921,1173,1402,49.96,13.88,2025-02-15
1930,1192,1540,799,40.89,11.18,2025-05-12
1931,1010,992,69,16.07,21.0,2025-01-04
1932,6,1675,1457,15.85,42.92,2025-02-16
1933,1302,1379,1387,22.04,28.73,2025-04-18
1934,909,1138,1087,16.2,24.27,2025-04-02
1935,345,985,127,7.27,41.23,2025-06-10
1936,1482,183,1438,45.78,42.34,2025-04-23
1937,214,340,829,30.16,14.9,2025-06-02
1938,1365,1772,370,11.79,32.2,2025-02-12
1939,1474,529,926,43.22,5.56,2025-03-19
1940,493,344,1443,32.26,15.89,2025-02-07
1941,340,807,374,26.3,14.5,2025-04-14
1942,713,1199,1608,34.96,37.65,2025-06-01
1943,403,1146,447,32.21,36.94,2025-04-28
1944,228,554,679,29.42,20.47,2025-04-07
1945,70,205,1108,8.57,43.91,2025-05-07
1946,1160,1639,1959,41.03,9.37,2025-05-26
1947,71,771,1989,24.99,44.09,2025-05-19
1948,786,1460,610,29.74,36.82,2025-04-13
1949,883,267,884,22.44,48.26,2025-05-17
1950,752,566,13,48.42,18.21,2025-01-06
1951,1355,1397,117,14.66,26.8,2025-06-05
1952,597,1096,76,24.66,5.37,2025-06-26
1953,1194,352,1833,18.72,16.4,2025-04-26
1954,241,351,211,23.67,16.32,2025-02-25
1955,452,789,1622,28.46,23.49,2025-01-18
1956,518,190,1376,20.83,29.86,2025-05-06
1957,420,1968,1071,29.16,12.15,2025-03-10
1958,1137,156,133,23.53,41.27,2025-01-06
1959,93,1920,1797,5.03,23.04,2025-02-14
1960,1235,1015,1124,28.75,6.56,2025-02-10
1961,768,93,197,24.06,5.4,2025-05-03
1962,272,62,650,45.44,14.6,2025-01-17
1963,865,441,1049,39.73,45.44,2025-02-02
1964,307,681,1347,14.59,22.18,2025-02-02
1965,615,43,511,48.66,5.39,2025-04-13
1966,850,1907,271,26.15,25.09,2025-04-20
1967,84,554,1427,45.52,5.99,2025-04-27
1968,385,55,324,11.92,33.16,2025-06-13
1969,140,964,1789,9.69,6.8,2025-06-10
1970,856,1024,723,13.81,45.9,2025-05-17
1971,244,418,19,28.55,32.48,2025-04-04
1972,1379,1047,1458,37.61,35.65,2025-02-15
1973,513,1075,1857,48.0,17.27,2025-06-27
1974,1290,1699,1887,16.36,5.46,2025-05-17
1975,933,849,920,46.91,16.77,2025-01-08
1976,642,667,563,16.05,11.83,2025-05-20
1977,310,461,413,49.8,37.76,2025-02-04
1978,304,527,1834,42.65,8.87,2025-02-28
1979,913,1746,1201,21.71,48.48,2025-02-04
1980,619,926,1027,35.57,11.87,2025-04-16
1981,1245,1451,318,46.19,34.37,2025-04-06
1982,474,714,1024,23.64,25.36,2025-01-01
1983,768,1774,517,18.73,19.95,2025-03-12
1984,1405,1043,718,16.32,18.35,2025-03-29
1985,248,803,539,8.1,41.68,2025-02-11
1986,1403,1837,1854,21.22,12.8,2025-01-26
1987,1223,1629,998,40.97,34.61,2025-02-05
1988,664,1337,1478,13.34,48.57,2025-04-17
1989,420,659,1833,25.88,8.97,2025-06-11
1990,1334,1060,1718,36.72,23.01,2025-03-09
1991,23,1977,615,22.1,47.98,2025-04-22
1992,106,1429,395,28.89,44.34,2025-02-19
1993,716,1552,1852,18.11,10.21,2025-06-07
1994,488,1377,1173,22.43,31.07,2025-01-06
1995,280,1553,817,26.71,47.62,2025-02-07
1996,1436,709,1255,27.91,12.93,2025-04-30
1997,1106,422,198,5.97,9.78,2025-03-05
1998,1481,586,1324,13.31,19.25,2025-02-14
1999,1150,1460,422,22.04,8.79,2025-06-19
2000,109,115,923,32.55,24.58,2025-03-14
