id_mod,id_videojuego,id_usuario,nombre_mod,fecha_publicacion
1,70,127,Mod Will,2025-04-09
2,101,4,Mod Great,2025-04-25
3,80,136,Mod Issue,2025-05-24
4,74,141,Mod Whether,2025-03-27
5,121,9,Mod Cover,2025-03-09
6,137,147,Mod Bed,2025-02-18
7,142,68,Mod History,2025-05-12
8,10,117,Mod High,2025-02-08
9,102,185,Mod Study,2025-06-22
10,31,104,Mod American,2025-03-05
11,89,127,Mod Myself,2025-06-11
12,14,6,Mod Rise,2025-05-04
13,70,190,Mod Yes,2025-01-19
14,9,66,Mod House,2025-06-16
15,149,180,Mod Enter,2025-04-21
16,75,176,Mod Professional,2025-01-05
17,54,196,Mod Become,2025-02-23
18,136,133,Mod Central,2025-03-27
19,88,99,Mod Fact,2025-06-17
20,65,54,Mod Without,2025-02-27
21,30,145,Mod Thousand,2025-01-15
22,85,63,Mod North,2025-01-15
23,137,175,Mod Phone,2025-01-28
24,91,42,Mod Yet,2025-04-25
25,40,85,Mod Call,2025-01-13
26,3,150,Mod Night,2025-02-17
27,14,145,Mod Physical,2025-01-11
28,40,89,Mod Case,2025-04-20
29,93,75,Mod Well,2025-03-07
30,76,83,Mod Risk,2025-06-17
31,127,104,Mod Big,2025-01-15
32,111,44,Mod Stop,2025-01-28
33,1,37,Mod Someone,2025-04-22
34,146,12,Mod Their,2025-02-03
35,114,33,Mod Theory,2025-05-30
36,88,3,Mod Hard,2025-01-27
37,123,171,Mod Ever,2025-04-13
38,66,192,Mod Matter,2025-05-07
39,49,18,Mod Sell,2025-02-23
40,141,109,Mod Election,2025-05-16
41,72,45,Mod Tree,2025-04-15
42,136,44,Mod Son,2025-01-01
43,17,169,Mod Financial,2025-02-11
44,41,149,Mod Happy,2025-02-07
45,29,130,Mod Idea,2025-04-06
46,140,155,Mod Generation,2025-02-19
47,99,194,Mod Year,2025-01-03
48,112,69,Mod Physical,2025-06-02
49,80,73,Mod Check,2025-02-21
50,4,110,Mod Drug,2025-03-01
51,72,67,Mod Vote,2025-02-28
52,138,135,Mod Challenge,2025-02-18
53,142,82,Mod Garden,2025-01-30
54,88,49,Mod Option,2025-01-17
55,111,37,Mod Treat,2025-06-27
56,2,193,Mod Both,2025-04-08
57,131,40,Mod Green,2025-06-07
58,145,99,Mod Positive,2025-01-17
59,93,119,Mod Support,2025-02-15
60,10,144,Mod Region,2025-05-12
61,106,163,Mod Financial,2025-02-01
62,59,5,Mod Among,2025-02-23
63,93,136,Mod Administration,2025-01-06
64,41,175,Mod Thousand,2025-01-16
65,50,162,Mod Food,2025-02-20
66,91,161,Mod Recognize,2025-03-03
67,128,5,Mod Last,2025-06-22
68,64,147,Mod Kind,2025-01-27
69,62,71,Mod Range,2025-05-10
70,48,195,Mod Popular,2025-05-14
71,108,20,Mod News,2025-05-05
72,147,115,Mod Build,2025-04-26
73,61,191,Mod Themselves,2025-03-22
74,116,131,Mod Listen,2025-03-11
75,26,49,Mod Fish,2025-04-21
76,43,113,Mod Maybe,2025-01-20
77,17,110,Mod Various,2025-03-28
78,102,70,Mod Rule,2025-06-19
79,65,112,Mod Tonight,2025-03-24
80,92,157,Mod Water,2025-01-22
81,84,24,Mod Leave,2025-01-21
82,79,8,Mod Focus,2025-03-28
83,127,3,Mod Evidence,2025-02-02
84,65,52,Mod Include,2025-04-28
85,102,99,Mod Catch,2025-04-21
86,112,199,Mod Involve,2025-02-07
87,100,179,Mod Certainly,2025-02-01
88,10,150,Mod Nation,2025-06-30
89,120,91,Mod Wife,2025-01-19
90,146,33,Mod Drug,2025-06-22
91,145,182,Mod Day,2025-03-13
92,72,84,Mod Fire,2025-06-03
93,7,102,Mod Fine,2025-06-04
94,122,134,Mod Machine,2025-04-06
95,35,11,Mod Which,2025-04-08
96,21,145,Mod Picture,2025-01-09
97,89,93,Mod Guess,2025-02-23
98,2,18,Mod Financial,2025-03-25
99,49,184,Mod Sea,2025-04-18
100,29,172,Mod Money,2025-04-24
